Pivot Type,Pivot Value (a),Date (a),Pivot Value (b),Date (b),Pivot Value (c),Date (c),OP,XOP,COP
High,27636.0,10-05-2023 01:00,27564.0,10-05-2023 04:00,27685.2,10-05-2023 06:00,27613.2,27640.7,27568.7
Low,27564.0,10-05-2023 04:00,27685.2,10-05-2023 06:00,27668.8,10-05-2023 08:00,27790.0,27743.7,27864.9
High,27685.2,10-05-2023 06:00,27668.8,10-05-2023 08:00,27646.1,10-05-2023 11:00,27629.7,27635.96,27619.56
Low,27668.8,10-05-2023 08:00,27646.1,10-05-2023 11:00,27579.2,10-05-2023 16:00,27556.5,27565.17,27542.47
High,27646.1,10-05-2023 11:00,27579.2,10-05-2023 16:00,28166.6,10-05-2023 20:00,28099.7,28125.26,28058.36
Low,27579.2,10-05-2023 16:00,28166.6,10-05-2023 20:00,27481.1,10-05-2023 23:00,28068.5,27844.11,28431.51
High,28166.6,10-05-2023 20:00,27481.1,10-05-2023 23:00,27848.3,11-05-2023 00:00,27162.8,27424.66,26739.16
Low,27481.1,10-05-2023 23:00,27848.3,11-05-2023 00:00,27497.5,11-05-2023 02:00,27864.7,27724.43,28091.63
High,27848.3,11-05-2023 00:00,27497.5,11-05-2023 02:00,27582.9,11-05-2023 03:00,27232.1,27366.11,27015.31
Low,27497.5,11-05-2023 02:00,27582.9,11-05-2023 03:00,27435.1,11-05-2023 08:00,27520.5,27487.88,27573.28
High,27582.9,11-05-2023 03:00,27435.1,11-05-2023 08:00,27437.5,11-05-2023 11:00,27289.7,27346.16,27198.36
Low,27435.1,11-05-2023 08:00,27437.5,11-05-2023 11:00,27381.9,11-05-2023 13:00,27384.3,27383.38,27385.78
High,27437.5,11-05-2023 11:00,27381.9,11-05-2023 13:00,27385.3,11-05-2023 17:00,27329.7,27350.94,27295.34
Low,27381.9,11-05-2023 13:00,27385.3,11-05-2023 17:00,26894.1,11-05-2023 22:00,26897.5,26896.2,26899.6
High,27385.3,11-05-2023 17:00,26894.1,11-05-2023 22:00,26865.1,12-05-2023 05:00,26373.9,26561.54,26070.34
Low,26894.1,11-05-2023 22:00,26865.1,12-05-2023 05:00,26631.9,12-05-2023 07:00,26602.9,26613.98,26584.98
High,26865.1,12-05-2023 05:00,26631.9,12-05-2023 07:00,26644.6,12-05-2023 09:00,26411.4,26500.48,26267.28
Low,26631.9,12-05-2023 07:00,26644.6,12-05-2023 09:00,26287.2,12-05-2023 10:00,26299.9,26295.05,26307.75
High,26644.6,12-05-2023 09:00,26287.2,12-05-2023 10:00,26294.1,12-05-2023 11:00,25936.7,26073.23,25715.83
Low,26287.2,12-05-2023 10:00,26294.1,12-05-2023 11:00,26277.2,12-05-2023 12:00,26284.1,26281.46,26288.36
High,26294.1,12-05-2023 11:00,26277.2,12-05-2023 12:00,26368.6,12-05-2023 14:00,26351.7,26358.16,26341.26
Low,26277.2,12-05-2023 12:00,26368.6,12-05-2023 14:00,26333.0,12-05-2023 17:00,26424.4,26389.49,26480.89
High,26368.6,12-05-2023 14:00,26333.0,12-05-2023 17:00,26302.1,12-05-2023 19:00,26266.5,26280.1,26244.5
Low,26333.0,12-05-2023 17:00,26302.1,12-05-2023 19:00,26281.5,12-05-2023 20:00,26250.6,26262.4,26231.5
High,26302.1,12-05-2023 19:00,26281.5,12-05-2023 20:00,26818.1,13-05-2023 05:00,26797.5,26805.37,26784.77
Low,26281.5,12-05-2023 20:00,26818.1,13-05-2023 05:00,26767.5,13-05-2023 06:00,27304.1,27099.12,27635.72
High,26818.1,13-05-2023 05:00,26767.5,13-05-2023 06:00,26731.2,13-05-2023 10:00,26680.6,26699.93,26649.33
Low,26767.5,13-05-2023 06:00,26731.2,13-05-2023 10:00,26759.3,13-05-2023 13:00,26723.0,26736.87,26700.57
High,26731.2,13-05-2023 10:00,26759.3,13-05-2023 13:00,26809.4,13-05-2023 17:00,26837.5,26826.77,26854.87
Low,26759.3,13-05-2023 13:00,26809.4,13-05-2023 17:00,26780.9,13-05-2023 21:00,26831.0,26811.86,26861.96
High,26809.4,13-05-2023 17:00,26780.9,13-05-2023 21:00,26762.7,14-05-2023 03:00,26734.2,26745.09,26716.59
Low,26780.9,13-05-2023 21:00,26762.7,14-05-2023 03:00,26731.4,14-05-2023 07:00,26713.2,26720.15,26701.95
High,26762.7,14-05-2023 03:00,26731.4,14-05-2023 07:00,26831.8,14-05-2023 12:00,26800.5,26812.46,26781.16
Low,26731.4,14-05-2023 07:00,26831.8,14-05-2023 12:00,26861.1,14-05-2023 18:00,26961.5,26923.15,27023.55
High,26831.8,14-05-2023 12:00,26861.1,14-05-2023 18:00,27071.4,14-05-2023 22:00,27100.7,27089.51,27118.81
Low,26861.1,14-05-2023 18:00,27071.4,14-05-2023 22:00,26865.0,15-05-2023 00:00,27075.3,26994.97,27205.27
High,27071.4,14-05-2023 22:00,26865.0,15-05-2023 00:00,26895.9,15-05-2023 03:00,26689.5,26768.34,26561.94
Low,26865.0,15-05-2023 00:00,26895.9,15-05-2023 03:00,26787.8,15-05-2023 04:00,26818.7,26806.9,26837.8
High,26895.9,15-05-2023 03:00,26787.8,15-05-2023 04:00,27493.0,15-05-2023 22:00,27384.9,27426.19,27318.09
Low,26787.8,15-05-2023 04:00,27493.0,15-05-2023 22:00,27008.9,16-05-2023 08:00,27714.1,27444.71,28149.91
High,27493.0,15-05-2023 22:00,27008.9,16-05-2023 08:00,27050.1,16-05-2023 09:00,26566.0,26750.93,26266.83
Low,27008.9,16-05-2023 08:00,27050.1,16-05-2023 09:00,27051.2,16-05-2023 11:00,27092.4,27076.66,27117.86
High,27050.1,16-05-2023 09:00,27051.2,16-05-2023 11:00,27190.5,16-05-2023 13:00,27191.6,27191.18,27192.28
Low,27051.2,16-05-2023 11:00,27190.5,16-05-2023 13:00,27001.1,16-05-2023 15:00,27140.4,27087.19,27226.49
High,27190.5,16-05-2023 13:00,27001.1,16-05-2023 15:00,27047.3,16-05-2023 17:00,26857.9,26930.25,26740.85
Low,27001.1,16-05-2023 15:00,27047.3,16-05-2023 17:00,26973.9,16-05-2023 19:00,27020.1,27002.45,27048.65
High,27047.3,16-05-2023 17:00,26973.9,16-05-2023 19:00,27043.6,16-05-2023 20:00,26970.2,26998.24,26924.84
Low,26973.9,16-05-2023 19:00,27043.6,16-05-2023 20:00,27074.4,16-05-2023 21:00,27144.1,27117.47,27187.17
High,27043.6,16-05-2023 20:00,27074.4,16-05-2023 21:00,27040.6,16-05-2023 22:00,27071.4,27059.63,27090.43
Low,27074.4,16-05-2023 21:00,27040.6,16-05-2023 22:00,26917.9,17-05-2023 00:00,26884.1,26897.01,26863.21
High,27040.6,16-05-2023 22:00,26917.9,17-05-2023 00:00,27001.6,17-05-2023 02:00,26878.9,26925.77,26803.07
Low,26917.9,17-05-2023 00:00,27001.6,17-05-2023 02:00,27024.8,17-05-2023 04:00,27108.5,27076.53,27160.23
High,27001.6,17-05-2023 02:00,27024.8,17-05-2023 04:00,27160.1,17-05-2023 06:00,27183.3,27174.44,27197.64
Low,27024.8,17-05-2023 04:00,27160.1,17-05-2023 06:00,27052.1,17-05-2023 10:00,27187.4,27135.72,27271.02
High,27160.1,17-05-2023 06:00,27052.1,17-05-2023 10:00,26855.3,17-05-2023 14:00,26747.3,26788.56,26680.56
Low,27052.1,17-05-2023 10:00,26855.3,17-05-2023 14:00,26626.5,17-05-2023 17:00,26429.7,26504.88,26308.08
High,26855.3,17-05-2023 14:00,26626.5,17-05-2023 17:00,27348.1,18-05-2023 05:00,27119.3,27206.7,26977.9
Low,26626.5,17-05-2023 17:00,27348.1,18-05-2023 05:00,27196.5,18-05-2023 10:00,27918.1,27642.45,28364.05
High,27348.1,18-05-2023 05:00,27196.5,18-05-2023 10:00,27375.1,18-05-2023 13:00,27223.5,27281.41,27129.81
Low,27196.5,18-05-2023 10:00,27375.1,18-05-2023 13:00,27337.2,18-05-2023 15:00,27515.8,27447.57,27626.17
High,27375.1,18-05-2023 13:00,27337.2,18-05-2023 15:00,27236.0,18-05-2023 20:00,27198.1,27212.58,27174.68
Low,27337.2,18-05-2023 15:00,27236.0,18-05-2023 20:00,26475.2,18-05-2023 22:00,26374.0,26412.66,26311.46
High,27236.0,18-05-2023 20:00,26475.2,18-05-2023 22:00,26871.1,19-05-2023 04:00,26110.3,26400.93,25640.13
Low,26475.2,18-05-2023 22:00,26871.1,19-05-2023 04:00,26798.9,19-05-2023 06:00,27194.8,27043.57,27439.47
High,26871.1,19-05-2023 04:00,26798.9,19-05-2023 06:00,26841.9,19-05-2023 13:00,26769.7,26797.28,26725.08
Low,26798.9,19-05-2023 06:00,26841.9,19-05-2023 13:00,26810.9,19-05-2023 15:00,26853.9,26837.47,26880.47
High,26841.9,19-05-2023 13:00,26810.9,19-05-2023 15:00,26904.4,19-05-2023 22:00,26873.4,26885.24,26854.24
Low,26810.9,19-05-2023 15:00,26904.4,19-05-2023 22:00,26826.4,20-05-2023 01:00,26919.9,26884.18,26977.68
High,26904.4,19-05-2023 22:00,26826.4,20-05-2023 01:00,26834.6,20-05-2023 05:00,26756.6,26786.4,26708.4
Low,26826.4,20-05-2023 01:00,26834.6,20-05-2023 05:00,26826.4,20-05-2023 06:00,26834.6,26831.47,26839.67
High,26834.6,20-05-2023 05:00,26826.4,20-05-2023 06:00,26849.2,20-05-2023 08:00,26841.0,26844.13,26835.93
Low,26826.4,20-05-2023 06:00,26849.2,20-05-2023 08:00,26841.8,20-05-2023 11:00,26864.6,26855.89,26878.69
High,26849.2,20-05-2023 08:00,26841.8,20-05-2023 11:00,26882.9,20-05-2023 16:00,26875.5,26878.33,26870.93
Low,26841.8,20-05-2023 11:00,26882.9,20-05-2023 16:00,26878.9,20-05-2023 18:00,26920.0,26904.3,26945.4
High,26882.9,20-05-2023 16:00,26878.9,20-05-2023 18:00,27130.0,20-05-2023 22:00,27126.0,27127.53,27123.53
Low,26878.9,20-05-2023 18:00,27130.0,20-05-2023 22:00,27054.3,20-05-2023 23:00,27305.4,27209.48,27460.58
High,27130.0,20-05-2023 22:00,27054.3,20-05-2023 23:00,27002.2,21-05-2023 00:00,26926.5,26955.42,26879.72
Low,27054.3,20-05-2023 23:00,27002.2,21-05-2023 00:00,27023.8,21-05-2023 03:00,26971.7,26991.6,26939.5
High,27002.2,21-05-2023 00:00,27023.8,21-05-2023 03:00,27228.9,21-05-2023 05:00,27250.5,27242.25,27263.85
Low,27023.8,21-05-2023 03:00,27228.9,21-05-2023 05:00,27158.7,21-05-2023 06:00,27363.8,27285.45,27490.55
High,27228.9,21-05-2023 05:00,27158.7,21-05-2023 06:00,27166.5,21-05-2023 11:00,27096.3,27123.12,27052.92
Low,27158.7,21-05-2023 06:00,27166.5,21-05-2023 11:00,27035.8,21-05-2023 13:00,27043.6,27040.62,27048.42
High,27166.5,21-05-2023 11:00,27035.8,21-05-2023 13:00,26946.7,21-05-2023 14:00,26816.0,26865.93,26735.23
Low,27035.8,21-05-2023 13:00,26946.7,21-05-2023 14:00,26818.1,21-05-2023 18:00,26729.0,26763.04,26673.94
High,26946.7,21-05-2023 14:00,26818.1,21-05-2023 18:00,26828.7,22-05-2023 00:00,26700.1,26749.23,26620.63
Low,26818.1,21-05-2023 18:00,26828.7,22-05-2023 00:00,26735.3,22-05-2023 02:00,26745.9,26741.85,26752.45
High,26828.7,22-05-2023 00:00,26735.3,22-05-2023 02:00,26732.8,22-05-2023 03:00,26639.4,26675.08,26581.68
Low,26735.3,22-05-2023 02:00,26732.8,22-05-2023 03:00,26640.7,22-05-2023 09:00,26638.2,26639.16,26636.66
High,26732.8,22-05-2023 03:00,26640.7,22-05-2023 09:00,26995.3,22-05-2023 20:00,26903.2,26938.38,26846.28
Low,26640.7,22-05-2023 09:00,26995.3,22-05-2023 20:00,26842.7,22-05-2023 21:00,27197.3,27061.84,27416.44
High,26995.3,22-05-2023 20:00,26842.7,22-05-2023 21:00,26873.6,22-05-2023 22:00,26721.0,26779.29,26626.69
Low,26842.7,22-05-2023 21:00,26873.6,22-05-2023 22:00,26857.0,23-05-2023 00:00,26887.9,26876.1,26907.0
High,26873.6,22-05-2023 22:00,26857.0,23-05-2023 00:00,26892.8,23-05-2023 03:00,26876.2,26882.54,26865.94
Low,26857.0,23-05-2023 00:00,26892.8,23-05-2023 03:00,26815.5,23-05-2023 06:00,26851.3,26837.62,26873.42
High,26892.8,23-05-2023 03:00,26815.5,23-05-2023 06:00,27375.0,23-05-2023 10:00,27297.7,27327.23,27249.93
Low,26815.5,23-05-2023 06:00,27375.0,23-05-2023 10:00,27295.8,23-05-2023 11:00,27855.3,27641.57,28201.07
High,27375.0,23-05-2023 10:00,27295.8,23-05-2023 11:00,27322.9,23-05-2023 13:00,27243.7,27273.95,27194.75
Low,27295.8,23-05-2023 11:00,27322.9,23-05-2023 13:00,27323.0,23-05-2023 15:00,27350.1,27339.75,27366.85
High,27322.9,23-05-2023 13:00,27323.0,23-05-2023 15:00,27271.8,23-05-2023 16:00,27271.9,27271.86,27271.96
Low,27323.0,23-05-2023 15:00,27271.8,23-05-2023 16:00,27229.8,23-05-2023 17:00,27178.6,27198.16,27146.96
High,27271.8,23-05-2023 16:00,27229.8,23-05-2023 17:00,27310.8,23-05-2023 22:00,27268.8,27284.84,27242.84
Low,27229.8,23-05-2023 17:00,27310.8,23-05-2023 22:00,27171.6,23-05-2023 23:00,27252.6,27221.66,27302.66
High,27310.8,23-05-2023 22:00,27171.6,23-05-2023 23:00,27206.1,24-05-2023 01:00,27066.9,27120.07,26980.87
Low,27171.6,23-05-2023 23:00,27206.1,24-05-2023 01:00,27189.1,24-05-2023 02:00,27223.6,27210.42,27244.92
High,27206.1,24-05-2023 01:00,27189.1,24-05-2023 02:00,27209.9,24-05-2023 03:00,27192.9,27199.39,27182.39
Low,27189.1,24-05-2023 02:00,27209.9,24-05-2023 03:00,26770.0,24-05-2023 08:00,26790.8,26782.85,26803.65
High,27209.9,24-05-2023 03:00,26770.0,24-05-2023 08:00,26762.3,24-05-2023 09:00,26322.4,26490.44,26050.54
Low,26770.0,24-05-2023 08:00,26762.3,24-05-2023 09:00,26699.9,24-05-2023 12:00,26692.2,26695.14,26687.44
High,26762.3,24-05-2023 09:00,26699.9,24-05-2023 12:00,26731.7,24-05-2023 18:00,26669.3,26693.14,26630.74
Low,26699.9,24-05-2023 12:00,26731.7,24-05-2023 18:00,26306.9,24-05-2023 20:00,26338.7,26326.55,26358.35
High,26731.7,24-05-2023 18:00,26306.9,24-05-2023 20:00,26270.7,24-05-2023 22:00,25845.9,26008.17,25583.37
Low,26306.9,24-05-2023 20:00,26270.7,24-05-2023 22:00,26241.6,24-05-2023 23:00,26205.4,26219.23,26183.03
High,26270.7,24-05-2023 22:00,26241.6,24-05-2023 23:00,26391.0,25-05-2023 01:00,26361.9,26373.02,26343.92
Low,26241.6,24-05-2023 23:00,26391.0,25-05-2023 01:00,26337.2,25-05-2023 03:00,26486.6,26429.53,26578.93
High,26391.0,25-05-2023 01:00,26337.2,25-05-2023 03:00,26228.3,25-05-2023 04:00,26174.5,26195.05,26141.25
Low,26337.2,25-05-2023 03:00,26228.3,25-05-2023 04:00,26115.7,25-05-2023 09:00,26006.8,26048.4,25939.5
High,26228.3,25-05-2023 04:00,26115.7,25-05-2023 09:00,26253.2,25-05-2023 11:00,26140.6,26183.61,26071.01
Low,26115.7,25-05-2023 09:00,26253.2,25-05-2023 11:00,26282.5,25-05-2023 15:00,26420.0,26367.48,26504.98
High,26253.2,25-05-2023 11:00,26282.5,25-05-2023 15:00,26392.0,25-05-2023 16:00,26421.3,26410.11,26439.41
Low,26282.5,25-05-2023 15:00,26392.0,25-05-2023 16:00,26216.9,25-05-2023 22:00,26326.4,26284.57,26394.07
High,26392.0,25-05-2023 16:00,26216.9,25-05-2023 22:00,26457.9,26-05-2023 01:00,26282.8,26349.69,26174.59
Low,26216.9,25-05-2023 22:00,26457.9,26-05-2023 01:00,26445.5,26-05-2023 02:00,26686.5,26594.44,26835.44
High,26457.9,26-05-2023 01:00,26445.5,26-05-2023 02:00,26425.7,26-05-2023 09:00,26413.3,26418.04,26405.64
Low,26445.5,26-05-2023 02:00,26425.7,26-05-2023 09:00,26424.1,26-05-2023 11:00,26404.3,26411.86,26392.06
High,26425.7,26-05-2023 09:00,26424.1,26-05-2023 11:00,26461.6,26-05-2023 13:00,26460.0,26460.61,26459.01
Low,26424.1,26-05-2023 11:00,26461.6,26-05-2023 13:00,26430.7,26-05-2023 17:00,26468.2,26453.88,26491.38
High,26461.6,26-05-2023 13:00,26430.7,26-05-2023 17:00,26707.1,26-05-2023 21:00,26676.2,26688.0,26657.1
Low,26430.7,26-05-2023 17:00,26707.1,26-05-2023 21:00,26717.6,26-05-2023 22:00,26994.0,26888.42,27164.82
High,26707.1,26-05-2023 21:00,26717.6,26-05-2023 22:00,26755.2,27-05-2023 03:00,26765.7,26761.69,26772.19
Low,26717.6,26-05-2023 22:00,26755.2,27-05-2023 03:00,26644.0,27-05-2023 07:00,26681.6,26667.24,26704.84
High,26755.2,27-05-2023 03:00,26644.0,27-05-2023 07:00,26746.6,27-05-2023 09:00,26635.4,26677.88,26566.68
Low,26644.0,27-05-2023 07:00,26746.6,27-05-2023 09:00,26677.1,27-05-2023 12:00,26779.7,26740.51,26843.11
High,26746.6,27-05-2023 09:00,26677.1,27-05-2023 12:00,26686.5,27-05-2023 14:00,26617.0,26643.55,26574.05
Low,26677.1,27-05-2023 12:00,26686.5,27-05-2023 14:00,26687.7,27-05-2023 16:00,26697.1,26693.51,26702.91
High,26686.5,27-05-2023 14:00,26687.7,27-05-2023 16:00,26617.8,27-05-2023 19:00,26619.0,26618.54,26619.74
Low,26687.7,27-05-2023 16:00,26617.8,27-05-2023 19:00,26654.1,27-05-2023 21:00,26584.2,26610.9,26541.0
High,26617.8,27-05-2023 19:00,26654.1,27-05-2023 21:00,26689.6,28-05-2023 03:00,26725.9,26712.03,26748.33
Low,26654.1,27-05-2023 21:00,26689.6,28-05-2023 03:00,27063.3,28-05-2023 04:00,27098.8,27085.24,27120.74
High,26689.6,28-05-2023 03:00,27063.3,28-05-2023 04:00,27157.0,28-05-2023 08:00,27530.7,27387.95,27761.65
Low,27063.3,28-05-2023 04:00,27157.0,28-05-2023 08:00,27154.3,28-05-2023 11:00,27248.0,27212.21,27305.91
High,27157.0,28-05-2023 08:00,27154.3,28-05-2023 11:00,27188.7,28-05-2023 12:00,27186.0,27187.03,27184.33
Low,27154.3,28-05-2023 11:00,27188.7,28-05-2023 12:00,27148.2,28-05-2023 14:00,27182.6,27169.46,27203.86
High,27188.7,28-05-2023 12:00,27148.2,28-05-2023 14:00,27146.0,28-05-2023 15:00,27105.5,27120.97,27080.47
Low,27148.2,28-05-2023 14:00,27146.0,28-05-2023 15:00,27338.1,28-05-2023 21:00,27335.9,27336.74,27334.54
High,27146.0,28-05-2023 15:00,27338.1,28-05-2023 21:00,28188.6,29-05-2023 07:00,28380.7,28307.32,28499.42
Low,27338.1,28-05-2023 21:00,28188.6,29-05-2023 07:00,27944.7,29-05-2023 08:00,28795.2,28470.31,29320.81
High,28188.6,29-05-2023 07:00,27944.7,29-05-2023 08:00,27983.3,29-05-2023 10:00,27739.4,27832.57,27588.67
Low,27944.7,29-05-2023 08:00,27983.3,29-05-2023 10:00,27895.0,29-05-2023 13:00,27933.6,27918.85,27957.45
High,27983.3,29-05-2023 10:00,27895.0,29-05-2023 13:00,27653.4,30-05-2023 01:00,27565.1,27598.83,27510.53
Low,27895.0,29-05-2023 13:00,27653.4,30-05-2023 01:00,27678.7,30-05-2023 02:00,27437.1,27529.39,27287.79
High,27653.4,30-05-2023 01:00,27678.7,30-05-2023 02:00,27722.0,30-05-2023 03:00,27747.3,27737.64,27762.94
Low,27678.7,30-05-2023 02:00,27722.0,30-05-2023 03:00,27701.3,30-05-2023 04:00,27744.6,27728.06,27771.36
High,27722.0,30-05-2023 03:00,27701.3,30-05-2023 04:00,27815.0,30-05-2023 08:00,27794.3,27802.21,27781.51
Low,27701.3,30-05-2023 04:00,27815.0,30-05-2023 08:00,27741.7,30-05-2023 10:00,27855.4,27811.97,27925.67
High,27815.0,30-05-2023 08:00,27741.7,30-05-2023 10:00,27721.0,30-05-2023 11:00,27647.7,27675.7,27602.4
Low,27741.7,30-05-2023 10:00,27721.0,30-05-2023 11:00,27769.9,30-05-2023 13:00,27749.2,27757.11,27736.41
High,27721.0,30-05-2023 11:00,27769.9,30-05-2023 13:00,27887.0,30-05-2023 19:00,27935.9,27917.22,27966.12
Low,27769.9,30-05-2023 13:00,27887.0,30-05-2023 19:00,27696.9,30-05-2023 22:00,27814.0,27769.27,27886.37
High,27887.0,30-05-2023 19:00,27696.9,30-05-2023 22:00,27836.4,31-05-2023 01:00,27646.3,27718.92,27528.82
Low,27696.9,30-05-2023 22:00,27836.4,31-05-2023 01:00,27745.1,31-05-2023 04:00,27884.6,27831.31,27970.81
High,27836.4,31-05-2023 01:00,27745.1,31-05-2023 04:00,27726.7,31-05-2023 05:00,27635.4,27670.28,27578.98
Low,27745.1,31-05-2023 04:00,27726.7,31-05-2023 05:00,27150.0,31-05-2023 11:00,27131.6,27138.63,27120.23
High,27726.7,31-05-2023 05:00,27150.0,31-05-2023 11:00,27126.1,31-05-2023 14:00,26549.4,26769.7,26193.0
Low,27150.0,31-05-2023 11:00,27126.1,31-05-2023 14:00,27087.9,31-05-2023 16:00,27064.0,27073.13,27049.23
High,27126.1,31-05-2023 14:00,27087.9,31-05-2023 16:00,27104.0,31-05-2023 17:00,27065.8,27080.39,27042.19
Low,27087.9,31-05-2023 16:00,27104.0,31-05-2023 17:00,26928.7,31-05-2023 22:00,26944.8,26938.65,26954.75
High,27104.0,31-05-2023 17:00,26928.7,31-05-2023 22:00,27059.8,01-06-2023 06:00,26884.5,26951.46,26776.16
Low,26928.7,31-05-2023 22:00,27059.8,01-06-2023 06:00,26768.6,01-06-2023 09:00,26899.7,26849.62,26980.72
High,27059.8,01-06-2023 06:00,26768.6,01-06-2023 09:00,26777.6,01-06-2023 10:00,26486.4,26597.64,26306.44
Low,26768.6,01-06-2023 09:00,26777.6,01-06-2023 10:00,26790.2,01-06-2023 12:00,26799.2,26795.76,26804.76
High,26777.6,01-06-2023 10:00,26790.2,01-06-2023 12:00,27080.9,01-06-2023 22:00,27093.5,27088.69,27101.29
Low,26790.2,01-06-2023 12:00,27080.9,01-06-2023 22:00,26851.6,02-06-2023 00:00,27142.3,27031.25,27321.95
High,27080.9,01-06-2023 22:00,26851.6,02-06-2023 00:00,26881.4,02-06-2023 03:00,26652.1,26739.69,26510.39
Low,26851.6,02-06-2023 00:00,26881.4,02-06-2023 03:00,26779.9,02-06-2023 08:00,26809.7,26798.32,26828.12
High,26881.4,02-06-2023 03:00,26779.9,02-06-2023 08:00,27140.3,02-06-2023 10:00,27038.8,27077.57,26976.07
Low,26779.9,02-06-2023 08:00,27140.3,02-06-2023 10:00,27038.3,02-06-2023 12:00,27398.7,27261.03,27621.43
High,27140.3,02-06-2023 10:00,27038.3,02-06-2023 12:00,27074.6,02-06-2023 13:00,26972.6,27011.56,26909.56
Low,27038.3,02-06-2023 12:00,27074.6,02-06-2023 13:00,27090.0,02-06-2023 15:00,27126.3,27112.43,27148.73
High,27074.6,02-06-2023 13:00,27090.0,02-06-2023 15:00,27084.6,02-06-2023 16:00,27100.0,27094.12,27109.52
Low,27090.0,02-06-2023 15:00,27084.6,02-06-2023 16:00,26896.4,02-06-2023 19:00,26891.0,26893.06,26887.66
High,27084.6,02-06-2023 16:00,26896.4,02-06-2023 19:00,27047.6,02-06-2023 21:00,26859.4,26931.29,26743.09
Low,26896.4,02-06-2023 19:00,27047.6,02-06-2023 21:00,27183.2,02-06-2023 22:00,27334.4,27276.64,27427.84
High,27047.6,02-06-2023 21:00,27183.2,02-06-2023 22:00,27231.6,03-06-2023 00:00,27367.2,27315.4,27451.0
Low,27183.2,02-06-2023 22:00,27231.6,03-06-2023 00:00,27190.0,03-06-2023 01:00,27238.4,27219.91,27268.31
High,27231.6,03-06-2023 00:00,27190.0,03-06-2023 01:00,27253.6,03-06-2023 04:00,27212.0,27227.89,27186.29
Low,27190.0,03-06-2023 01:00,27253.6,03-06-2023 04:00,27123.0,03-06-2023 06:00,27186.6,27162.3,27225.9
High,27253.6,03-06-2023 04:00,27123.0,03-06-2023 06:00,27130.9,03-06-2023 07:00,27000.3,27050.19,26919.59
Low,27123.0,03-06-2023 06:00,27130.9,03-06-2023 07:00,27151.1,03-06-2023 09:00,27159.0,27155.98,27163.88
High,27130.9,03-06-2023 07:00,27151.1,03-06-2023 09:00,27292.7,03-06-2023 20:00,27312.9,27305.18,27325.38
Low,27151.1,03-06-2023 09:00,27292.7,03-06-2023 20:00,26990.0,04-06-2023 02:00,27131.6,27077.51,27219.11
High,27292.7,03-06-2023 20:00,26990.0,04-06-2023 02:00,27054.9,04-06-2023 04:00,26752.2,26867.83,26565.13
Low,26990.0,04-06-2023 02:00,27054.9,04-06-2023 04:00,27029.2,04-06-2023 05:00,27094.1,27069.31,27134.21
High,27054.9,04-06-2023 04:00,27029.2,04-06-2023 05:00,27080.7,04-06-2023 08:00,27055.0,27064.82,27039.12
Low,27029.2,04-06-2023 05:00,27080.7,04-06-2023 08:00,27144.9,04-06-2023 12:00,27196.4,27176.73,27228.23
High,27080.7,04-06-2023 08:00,27144.9,04-06-2023 12:00,27190.9,04-06-2023 15:00,27255.1,27230.58,27294.78
Low,27144.9,04-06-2023 12:00,27190.9,04-06-2023 15:00,27199.5,04-06-2023 16:00,27245.5,27227.93,27273.93
High,27190.9,04-06-2023 15:00,27199.5,04-06-2023 16:00,27231.3,04-06-2023 17:00,27239.9,27236.61,27245.21
Low,27199.5,04-06-2023 16:00,27231.3,04-06-2023 17:00,27163.4,04-06-2023 20:00,27195.2,27183.05,27214.85
High,27231.3,04-06-2023 17:00,27163.4,04-06-2023 20:00,27169.3,05-06-2023 00:00,27101.4,27127.34,27059.44
Low,27163.4,04-06-2023 20:00,27169.3,05-06-2023 00:00,27185.3,05-06-2023 01:00,27191.2,27188.95,27194.85
High,27169.3,05-06-2023 00:00,27185.3,05-06-2023 01:00,26918.8,05-06-2023 06:00,26934.8,26928.69,26944.69
Low,27185.3,05-06-2023 01:00,26918.8,05-06-2023 06:00,26819.2,05-06-2023 11:00,26552.7,26654.5,26388.0
High,26918.8,05-06-2023 06:00,26819.2,05-06-2023 11:00,26790.3,05-06-2023 16:00,26690.7,26728.75,26629.15
Low,26819.2,05-06-2023 11:00,26790.3,05-06-2023 16:00,26714.8,05-06-2023 17:00,26685.9,26696.94,26668.04
High,26790.3,05-06-2023 16:00,26714.8,05-06-2023 17:00,26789.9,05-06-2023 19:00,26714.4,26743.24,26667.74
Low,26714.8,05-06-2023 17:00,26789.9,05-06-2023 19:00,25641.2,06-06-2023 02:00,25716.3,25687.61,25762.71
High,26789.9,05-06-2023 19:00,25641.2,06-06-2023 02:00,25706.4,06-06-2023 11:00,24557.7,24996.5,23847.8
Low,25641.2,06-06-2023 02:00,25706.4,06-06-2023 11:00,25688.3,06-06-2023 13:00,25753.5,25728.59,25793.79
High,25706.4,06-06-2023 11:00,25688.3,06-06-2023 13:00,25730.0,06-06-2023 15:00,25711.9,25718.81,25700.71
Low,25688.3,06-06-2023 13:00,25730.0,06-06-2023 15:00,25524.4,06-06-2023 20:00,25566.1,25550.17,25591.87
High,25730.0,06-06-2023 15:00,25524.4,06-06-2023 20:00,27170.2,07-06-2023 06:00,26964.6,27043.14,26837.54
Low,25524.4,06-06-2023 20:00,27170.2,07-06-2023 06:00,26897.0,07-06-2023 08:00,28542.8,27914.1,29559.9
High,27170.2,07-06-2023 06:00,26897.0,07-06-2023 08:00,26901.9,07-06-2023 10:00,26628.7,26733.06,26459.86
Low,26897.0,07-06-2023 08:00,26901.9,07-06-2023 10:00,26582.9,07-06-2023 14:00,26587.8,26585.93,26590.83
High,26901.9,07-06-2023 10:00,26582.9,07-06-2023 14:00,26888.3,07-06-2023 19:00,26569.3,26691.16,26372.16
Low,26582.9,07-06-2023 14:00,26888.3,07-06-2023 19:00,26313.5,07-06-2023 20:00,26618.9,26502.24,26807.64
High,26888.3,07-06-2023 19:00,26313.5,07-06-2023 20:00,26495.4,08-06-2023 00:00,25920.6,26140.17,25565.37
Low,26313.5,07-06-2023 20:00,26495.4,08-06-2023 00:00,26141.9,08-06-2023 04:00,26323.8,26254.31,26436.21
High,26495.4,08-06-2023 00:00,26141.9,08-06-2023 04:00,26431.2,08-06-2023 06:00,26077.7,26212.74,25859.24
Low,26141.9,08-06-2023 04:00,26431.2,08-06-2023 06:00,26413.4,08-06-2023 10:00,26702.7,26592.19,26881.49
High,26431.2,08-06-2023 06:00,26413.4,08-06-2023 10:00,26431.5,08-06-2023 12:00,26413.7,26420.5,26402.7
Low,26413.4,08-06-2023 10:00,26431.5,08-06-2023 12:00,26373.6,08-06-2023 15:00,26391.7,26384.79,26402.89
High,26431.5,08-06-2023 12:00,26373.6,08-06-2023 15:00,26447.7,08-06-2023 16:00,26389.8,26411.92,26354.02
Low,26373.6,08-06-2023 15:00,26447.7,08-06-2023 16:00,26389.9,08-06-2023 18:00,26464.0,26435.69,26509.79
High,26447.7,08-06-2023 16:00,26389.9,08-06-2023 18:00,26705.9,08-06-2023 19:00,26648.1,26670.18,26612.38
Low,26389.9,08-06-2023 18:00,26705.9,08-06-2023 19:00,26488.0,08-06-2023 21:00,26804.0,26683.29,26999.29
High,26705.9,08-06-2023 19:00,26488.0,08-06-2023 21:00,26626.0,09-06-2023 03:00,26408.1,26491.34,26273.44
Low,26488.0,08-06-2023 21:00,26626.0,09-06-2023 03:00,26445.8,09-06-2023 04:00,26583.8,26531.08,26669.08
High,26626.0,09-06-2023 03:00,26445.8,09-06-2023 04:00,26490.0,09-06-2023 05:00,26309.8,26378.64,26198.44
Low,26445.8,09-06-2023 04:00,26490.0,09-06-2023 05:00,26479.0,09-06-2023 09:00,26523.2,26506.32,26550.52
High,26490.0,09-06-2023 05:00,26479.0,09-06-2023 09:00,26482.1,09-06-2023 10:00,26471.1,26475.3,26464.3
Low,26479.0,09-06-2023 09:00,26482.1,09-06-2023 10:00,26482.7,09-06-2023 12:00,26485.8,26484.62,26487.72
High,26482.1,09-06-2023 10:00,26482.7,09-06-2023 12:00,26626.5,09-06-2023 14:00,26627.1,26626.87,26627.47
Low,26482.7,09-06-2023 12:00,26626.5,09-06-2023 14:00,26599.8,09-06-2023 16:00,26743.6,26688.67,26832.47
High,26626.5,09-06-2023 14:00,26599.8,09-06-2023 16:00,26619.0,09-06-2023 22:00,26592.3,26602.5,26575.8
Low,26599.8,09-06-2023 16:00,26619.0,09-06-2023 22:00,26400.0,10-06-2023 00:00,26419.2,26411.87,26431.07
High,26619.0,09-06-2023 22:00,26400.0,10-06-2023 00:00,26383.4,10-06-2023 08:00,26164.4,26248.06,26029.06
Low,26400.0,10-06-2023 00:00,26383.4,10-06-2023 08:00,25504.6,10-06-2023 11:00,25488.0,25494.34,25477.74
High,26383.4,10-06-2023 08:00,25504.6,10-06-2023 11:00,25660.2,10-06-2023 13:00,24781.4,25117.1,24238.3
Low,25504.6,10-06-2023 11:00,25660.2,10-06-2023 13:00,25686.8,10-06-2023 14:00,25842.4,25782.96,25938.56
High,25660.2,10-06-2023 13:00,25686.8,10-06-2023 14:00,25718.7,10-06-2023 16:00,25745.3,25735.14,25761.74
Low,25686.8,10-06-2023 14:00,25718.7,10-06-2023 16:00,25644.9,10-06-2023 17:00,25676.8,25664.61,25696.51
High,25718.7,10-06-2023 16:00,25644.9,10-06-2023 17:00,26010.0,10-06-2023 21:00,25936.2,25964.39,25890.59
Low,25644.9,10-06-2023 17:00,26010.0,10-06-2023 21:00,25529.2,10-06-2023 23:00,25894.3,25754.83,26119.93
High,26010.0,10-06-2023 21:00,25529.2,10-06-2023 23:00,25814.5,11-06-2023 07:00,25333.7,25517.37,25036.57
Low,25529.2,10-06-2023 23:00,25814.5,11-06-2023 07:00,25718.4,11-06-2023 08:00,26003.7,25894.72,26180.02
High,25814.5,11-06-2023 07:00,25718.4,11-06-2023 08:00,25805.8,11-06-2023 11:00,25709.7,25746.41,25650.31
Low,25718.4,11-06-2023 08:00,25805.8,11-06-2023 11:00,25727.4,11-06-2023 14:00,25814.8,25781.41,25868.81
High,25805.8,11-06-2023 11:00,25727.4,11-06-2023 14:00,25784.9,11-06-2023 16:00,25706.5,25736.45,25658.05
Low,25727.4,11-06-2023 14:00,25784.9,11-06-2023 16:00,25693.2,11-06-2023 17:00,25750.7,25728.74,25786.24
High,25784.9,11-06-2023 16:00,25693.2,11-06-2023 17:00,26110.8,12-06-2023 01:00,26019.1,26054.13,25962.43
Low,25693.2,11-06-2023 17:00,26110.8,12-06-2023 01:00,25883.8,12-06-2023 03:00,26301.4,26141.88,26559.48
High,26110.8,12-06-2023 01:00,25883.8,12-06-2023 03:00,25955.3,12-06-2023 05:00,25728.3,25815.01,25588.01
Low,25883.8,12-06-2023 03:00,25955.3,12-06-2023 05:00,25804.7,12-06-2023 09:00,25876.2,25848.89,25920.39
High,25955.3,12-06-2023 05:00,25804.7,12-06-2023 09:00,25952.0,12-06-2023 17:00,25801.4,25858.93,25708.33
Low,25804.7,12-06-2023 09:00,25952.0,12-06-2023 17:00,25837.4,12-06-2023 20:00,25984.7,25928.43,26075.73
High,25952.0,12-06-2023 17:00,25837.4,12-06-2023 20:00,25921.4,13-06-2023 04:00,25806.8,25850.58,25735.98
Low,25837.4,12-06-2023 20:00,25921.4,13-06-2023 04:00,25955.7,13-06-2023 05:00,26039.7,26007.61,26091.61
High,25921.4,13-06-2023 04:00,25955.7,13-06-2023 05:00,26115.4,13-06-2023 07:00,26149.7,26136.6,26170.9
Low,25955.7,13-06-2023 05:00,26115.4,13-06-2023 07:00,26042.9,13-06-2023 09:00,26202.6,26141.59,26301.29
High,26115.4,13-06-2023 07:00,26042.9,13-06-2023 09:00,26070.6,13-06-2023 18:00,25998.1,26025.8,25953.3
Low,26042.9,13-06-2023 09:00,26070.6,13-06-2023 18:00,25750.9,13-06-2023 21:00,25778.6,25768.02,25795.72
High,26070.6,13-06-2023 18:00,25750.9,13-06-2023 21:00,25835.9,14-06-2023 01:00,25516.2,25638.33,25318.63
Low,25750.9,13-06-2023 21:00,25835.9,14-06-2023 01:00,25829.0,14-06-2023 05:00,25914.0,25881.53,25966.53
High,25835.9,14-06-2023 01:00,25829.0,14-06-2023 05:00,26015.0,14-06-2023 08:00,26008.1,26010.74,26003.84
Low,25829.0,14-06-2023 05:00,26015.0,14-06-2023 08:00,25833.2,14-06-2023 12:00,26019.2,25948.15,26134.15
High,26015.0,14-06-2023 08:00,25833.2,14-06-2023 12:00,26006.8,14-06-2023 16:00,25825.0,25894.45,25712.65
Low,25833.2,14-06-2023 12:00,26006.8,14-06-2023 16:00,25981.5,14-06-2023 17:00,26155.1,26088.78,26262.38
High,26006.8,14-06-2023 16:00,25981.5,14-06-2023 17:00,25990.2,14-06-2023 18:00,25964.9,25974.56,25949.26
Low,25981.5,14-06-2023 17:00,25990.2,14-06-2023 18:00,25976.4,14-06-2023 21:00,25985.1,25981.78,25990.48
High,25990.2,14-06-2023 18:00,25976.4,14-06-2023 21:00,25905.1,14-06-2023 23:00,25891.3,25896.57,25882.77
Low,25976.4,14-06-2023 21:00,25905.1,14-06-2023 23:00,24920.1,15-06-2023 03:00,24848.8,24876.04,24804.74
High,25905.1,14-06-2023 23:00,24920.1,15-06-2023 03:00,25193.5,15-06-2023 04:00,24208.5,24584.77,23599.77
Low,24920.1,15-06-2023 03:00,25193.5,15-06-2023 04:00,25053.7,15-06-2023 09:00,25327.1,25222.66,25496.06
High,25193.5,15-06-2023 04:00,25053.7,15-06-2023 09:00,24917.5,15-06-2023 10:00,24777.7,24831.1,24691.3
Low,25053.7,15-06-2023 09:00,24917.5,15-06-2023 10:00,24974.6,15-06-2023 11:00,24838.4,24890.43,24754.23
High,24917.5,15-06-2023 10:00,24974.6,15-06-2023 11:00,25045.0,15-06-2023 19:00,25102.1,25080.29,25137.39
Low,24974.6,15-06-2023 11:00,25045.0,15-06-2023 19:00,25556.7,16-06-2023 00:00,25627.1,25600.21,25670.61
High,25045.0,15-06-2023 19:00,25556.7,16-06-2023 00:00,25558.0,16-06-2023 03:00,26069.7,25874.23,26385.93
Low,25556.7,16-06-2023 00:00,25558.0,16-06-2023 03:00,25482.7,16-06-2023 07:00,25484.0,25483.5,25484.8
High,25558.0,16-06-2023 03:00,25482.7,16-06-2023 07:00,25515.0,16-06-2023 08:00,25439.7,25468.46,25393.16
Low,25482.7,16-06-2023 07:00,25515.0,16-06-2023 08:00,25541.2,16-06-2023 09:00,25573.5,25561.16,25593.46
High,25515.0,16-06-2023 08:00,25541.2,16-06-2023 09:00,25564.4,16-06-2023 10:00,25590.6,25580.59,25606.79
Low,25541.2,16-06-2023 09:00,25564.4,16-06-2023 10:00,25602.2,16-06-2023 21:00,25625.4,25616.54,25639.74
High,25564.4,16-06-2023 10:00,25602.2,16-06-2023 21:00,26397.9,17-06-2023 00:00,26435.7,26421.26,26459.06
Low,25602.2,16-06-2023 21:00,26397.9,17-06-2023 00:00,26348.0,17-06-2023 08:00,27143.7,26839.74,27635.44
High,26397.9,17-06-2023 00:00,26348.0,17-06-2023 08:00,26679.4,17-06-2023 10:00,26629.5,26648.56,26598.66
Low,26348.0,17-06-2023 08:00,26679.4,17-06-2023 10:00,26582.0,17-06-2023 13:00,26913.4,26786.81,27118.21
High,26679.4,17-06-2023 10:00,26582.0,17-06-2023 13:00,26579.4,17-06-2023 15:00,26482.0,26519.21,26421.81
Low,26582.0,17-06-2023 13:00,26579.4,17-06-2023 15:00,26399.9,17-06-2023 21:00,26397.3,26398.29,26395.69
High,26579.4,17-06-2023 15:00,26399.9,17-06-2023 21:00,26555.5,18-06-2023 03:00,26376.0,26444.57,26265.07
Low,26399.9,17-06-2023 21:00,26555.5,18-06-2023 03:00,26444.5,18-06-2023 08:00,26600.1,26540.66,26696.26
High,26555.5,18-06-2023 03:00,26444.5,18-06-2023 08:00,26524.3,18-06-2023 09:00,26413.3,26455.7,26344.7
Low,26444.5,18-06-2023 08:00,26524.3,18-06-2023 09:00,26531.8,18-06-2023 10:00,26611.6,26581.12,26660.92
High,26524.3,18-06-2023 09:00,26531.8,18-06-2023 10:00,26572.0,18-06-2023 12:00,26579.5,26576.64,26584.14
Low,26531.8,18-06-2023 10:00,26572.0,18-06-2023 12:00,26515.6,18-06-2023 15:00,26555.8,26540.44,26580.64
High,26572.0,18-06-2023 12:00,26515.6,18-06-2023 15:00,26541.4,18-06-2023 19:00,26485.0,26506.54,26450.14
Low,26515.6,18-06-2023 15:00,26541.4,18-06-2023 19:00,26609.9,18-06-2023 20:00,26635.7,26625.84,26651.64
High,26541.4,18-06-2023 19:00,26609.9,18-06-2023 20:00,26436.0,19-06-2023 07:00,26504.5,26478.33,26546.83
Low,26609.9,18-06-2023 20:00,26436.0,19-06-2023 07:00,26418.1,19-06-2023 09:00,26244.2,26310.63,26136.73
High,26436.0,19-06-2023 07:00,26418.1,19-06-2023 09:00,26418.1,19-06-2023 10:00,26400.2,26407.04,26389.14
Low,26418.1,19-06-2023 09:00,26418.1,19-06-2023 10:00,26415.3,19-06-2023 11:00,26415.3,26415.3,26415.3
High,26418.1,19-06-2023 10:00,26415.3,19-06-2023 11:00,26406.1,19-06-2023 12:00,26403.3,26404.37,26401.57
Low,26415.3,19-06-2023 11:00,26406.1,19-06-2023 12:00,26489.7,19-06-2023 21:00,26480.5,26484.01,26474.81
High,26406.1,19-06-2023 12:00,26489.7,19-06-2023 21:00,26483.8,19-06-2023 22:00,26567.4,26535.46,26619.06
Low,26489.7,19-06-2023 21:00,26483.8,19-06-2023 22:00,26672.8,19-06-2023 23:00,26666.9,26669.15,26663.25
High,26483.8,19-06-2023 22:00,26672.8,19-06-2023 23:00,26711.5,20-06-2023 00:00,26900.5,26828.3,27017.3
Low,26672.8,19-06-2023 23:00,26711.5,20-06-2023 00:00,26828.5,20-06-2023 04:00,26867.2,26852.42,26891.12
High,26711.5,20-06-2023 00:00,26828.5,20-06-2023 04:00,26892.7,20-06-2023 05:00,27009.7,26965.01,27082.01
Low,26828.5,20-06-2023 04:00,26892.7,20-06-2023 05:00,26899.9,20-06-2023 06:00,26964.1,26939.58,27003.78
High,26892.7,20-06-2023 05:00,26899.9,20-06-2023 06:00,26805.5,20-06-2023 09:00,26812.7,26809.95,26817.15
Low,26899.9,20-06-2023 06:00,26805.5,20-06-2023 09:00,26766.1,20-06-2023 15:00,26671.7,26707.76,26613.36
High,26805.5,20-06-2023 09:00,26766.1,20-06-2023 15:00,26839.8,20-06-2023 17:00,26800.4,26815.45,26776.05
Low,26766.1,20-06-2023 15:00,26839.8,20-06-2023 17:00,26763.8,20-06-2023 21:00,26837.5,26809.35,26883.05
High,26839.8,20-06-2023 17:00,26763.8,20-06-2023 21:00,28776.5,21-06-2023 06:00,28700.5,28729.53,28653.53
Low,26763.8,20-06-2023 21:00,28776.5,21-06-2023 06:00,28704.6,21-06-2023 09:00,30717.3,29948.45,31961.15
High,28776.5,21-06-2023 06:00,28704.6,21-06-2023 09:00,28846.9,21-06-2023 11:00,28775.0,28802.47,28730.57
Low,28704.6,21-06-2023 09:00,28846.9,21-06-2023 11:00,28814.1,21-06-2023 13:00,28956.4,28902.04,29044.34
High,28846.9,21-06-2023 11:00,28814.1,21-06-2023 13:00,28821.8,21-06-2023 14:00,28789.0,28801.53,28768.73
Low,28814.1,21-06-2023 13:00,28821.8,21-06-2023 14:00,29296.7,21-06-2023 19:00,29304.4,29301.46,29309.16
High,28821.8,21-06-2023 14:00,29296.7,21-06-2023 19:00,30163.1,22-06-2023 00:00,30638.0,30456.59,30931.49
Low,29296.7,21-06-2023 19:00,30163.1,22-06-2023 00:00,29876.3,22-06-2023 03:00,30742.7,30411.74,31278.14
High,30163.1,22-06-2023 00:00,29876.3,22-06-2023 03:00,30455.1,22-06-2023 07:00,30168.3,30277.86,29991.06
Low,29876.3,22-06-2023 03:00,30455.1,22-06-2023 07:00,30094.5,22-06-2023 13:00,30673.3,30452.2,31031.0
High,30455.1,22-06-2023 07:00,30094.5,22-06-2023 13:00,30167.3,22-06-2023 14:00,29806.7,29944.45,29583.85
Low,30094.5,22-06-2023 13:00,30167.3,22-06-2023 14:00,29919.3,22-06-2023 16:00,29992.1,29964.29,30037.09
High,30167.3,22-06-2023 14:00,29919.3,22-06-2023 16:00,30226.8,22-06-2023 17:00,29978.8,30073.54,29825.54
Low,29919.3,22-06-2023 16:00,30226.8,22-06-2023 17:00,29735.4,22-06-2023 20:00,30042.9,29925.44,30232.94
High,30226.8,22-06-2023 17:00,29735.4,22-06-2023 20:00,30143.1,23-06-2023 01:00,29651.7,29839.41,29348.01
Low,29735.4,22-06-2023 20:00,30143.1,23-06-2023 01:00,29917.6,23-06-2023 03:00,30325.3,30169.56,30577.26
High,30143.1,23-06-2023 01:00,29917.6,23-06-2023 03:00,30000.5,23-06-2023 05:00,29775.0,29861.14,29635.64
Low,29917.6,23-06-2023 03:00,30000.5,23-06-2023 05:00,29980.5,23-06-2023 07:00,30063.4,30031.73,30114.63
High,30000.5,23-06-2023 05:00,29980.5,23-06-2023 07:00,29994.0,23-06-2023 11:00,29974.0,29981.64,29961.64
Low,29980.5,23-06-2023 07:00,29994.0,23-06-2023 11:00,29992.0,23-06-2023 13:00,30005.5,30000.34,30013.84
High,29994.0,23-06-2023 11:00,29992.0,23-06-2023 13:00,30090.3,23-06-2023 16:00,30088.3,30089.06,30087.06
Low,29992.0,23-06-2023 13:00,30090.3,23-06-2023 16:00,30063.3,23-06-2023 18:00,30161.6,30124.05,30222.35
High,30090.3,23-06-2023 16:00,30063.3,23-06-2023 18:00,31232.9,23-06-2023 22:00,31205.9,31216.21,31189.21
Low,30063.3,23-06-2023 18:00,31232.9,23-06-2023 22:00,30631.9,24-06-2023 03:00,31801.5,31354.71,32524.31
High,31232.9,23-06-2023 22:00,30631.9,24-06-2023 03:00,30481.6,24-06-2023 04:00,29880.6,30110.18,29509.18
Low,30631.9,24-06-2023 03:00,30481.6,24-06-2023 04:00,30596.6,24-06-2023 05:00,30446.3,30503.71,30353.41
High,30481.6,24-06-2023 04:00,30596.6,24-06-2023 05:00,30743.0,24-06-2023 07:00,30858.0,30814.07,30929.07
Low,30596.6,24-06-2023 05:00,30743.0,24-06-2023 07:00,30693.7,24-06-2023 08:00,30840.1,30784.18,30930.58
High,30743.0,24-06-2023 07:00,30693.7,24-06-2023 08:00,30717.3,24-06-2023 11:00,30668.0,30686.83,30637.53
Low,30693.7,24-06-2023 08:00,30717.3,24-06-2023 11:00,30600.0,24-06-2023 13:00,30623.6,30614.58,30638.18
High,30717.3,24-06-2023 11:00,30600.0,24-06-2023 13:00,30685.0,24-06-2023 16:00,30567.7,30612.51,30495.21
Low,30600.0,24-06-2023 13:00,30685.0,24-06-2023 16:00,30504.0,24-06-2023 21:00,30589.0,30556.53,30641.53
High,30685.0,24-06-2023 16:00,30504.0,24-06-2023 21:00,30633.8,25-06-2023 00:00,30452.8,30521.94,30340.94
Low,30504.0,24-06-2023 21:00,30633.8,25-06-2023 00:00,30591.1,25-06-2023 07:00,30720.9,30671.32,30801.12
High,30633.8,25-06-2023 00:00,30591.1,25-06-2023 07:00,30863.7,25-06-2023 10:00,30821.0,30837.31,30794.61
Low,30591.1,25-06-2023 07:00,30863.7,25-06-2023 10:00,30609.4,25-06-2023 15:00,30882.0,30777.87,31050.47
High,30863.7,25-06-2023 10:00,30609.4,25-06-2023 15:00,30664.0,25-06-2023 16:00,30409.7,30506.84,30252.54
Low,30609.4,25-06-2023 15:00,30664.0,25-06-2023 16:00,30669.2,25-06-2023 17:00,30723.8,30702.94,30757.54
High,30664.0,25-06-2023 16:00,30669.2,25-06-2023 17:00,30540.3,25-06-2023 18:00,30545.5,30543.51,30548.71
Low,30669.2,25-06-2023 17:00,30540.3,25-06-2023 18:00,30574.1,25-06-2023 19:00,30445.2,30494.44,30365.54
High,30540.3,25-06-2023 18:00,30574.1,25-06-2023 19:00,30378.9,26-06-2023 04:00,30412.7,30399.79,30433.59
Low,30574.1,25-06-2023 19:00,30378.9,26-06-2023 04:00,30166.0,26-06-2023 06:00,29970.8,30045.37,29850.17
High,30378.9,26-06-2023 04:00,30166.0,26-06-2023 06:00,30285.0,26-06-2023 08:00,30072.1,30153.43,29940.53
Low,30166.0,26-06-2023 06:00,30285.0,26-06-2023 08:00,30208.1,26-06-2023 10:00,30327.1,30281.64,30400.64
High,30285.0,26-06-2023 08:00,30208.1,26-06-2023 10:00,30395.6,26-06-2023 13:00,30318.7,30348.08,30271.18
Low,30208.1,26-06-2023 10:00,30395.6,26-06-2023 13:00,30347.6,26-06-2023 17:00,30535.1,30463.48,30650.98
High,30395.6,26-06-2023 13:00,30347.6,26-06-2023 17:00,30384.0,26-06-2023 20:00,30336.0,30354.34,30306.34
Low,30347.6,26-06-2023 17:00,30384.0,26-06-2023 20:00,30068.5,26-06-2023 22:00,30104.9,30091.0,30127.4
High,30384.0,26-06-2023 20:00,30068.5,26-06-2023 22:00,30233.9,27-06-2023 01:00,29918.4,30038.92,29723.42
Low,30068.5,26-06-2023 22:00,30233.9,27-06-2023 01:00,30220.9,27-06-2023 05:00,30386.3,30323.12,30488.52
High,30233.9,27-06-2023 01:00,30220.9,27-06-2023 05:00,30473.3,27-06-2023 09:00,30460.3,30465.27,30452.27
Low,30220.9,27-06-2023 05:00,30473.3,27-06-2023 09:00,30309.1,27-06-2023 10:00,30561.5,30465.08,30717.48
High,30473.3,27-06-2023 09:00,30309.1,27-06-2023 10:00,30404.5,27-06-2023 12:00,30240.3,30303.02,30138.82
Low,30309.1,27-06-2023 10:00,30404.5,27-06-2023 12:00,30370.5,27-06-2023 14:00,30465.9,30429.46,30524.86
High,30404.5,27-06-2023 12:00,30370.5,27-06-2023 14:00,30720.1,27-06-2023 16:00,30686.1,30699.09,30665.09
Low,30370.5,27-06-2023 14:00,30720.1,27-06-2023 16:00,30600.0,27-06-2023 17:00,30949.6,30816.05,31165.65
High,30720.1,27-06-2023 16:00,30600.0,27-06-2023 17:00,30795.5,27-06-2023 18:00,30675.4,30721.28,30601.18
Low,30600.0,27-06-2023 17:00,30795.5,27-06-2023 18:00,30487.4,27-06-2023 20:00,30682.9,30608.22,30803.72
High,30795.5,27-06-2023 18:00,30487.4,27-06-2023 20:00,30719.1,27-06-2023 23:00,30411.0,30528.69,30220.59
Low,30487.4,27-06-2023 20:00,30719.1,27-06-2023 23:00,30636.5,28-06-2023 00:00,30868.2,30779.69,31011.39
High,30719.1,27-06-2023 23:00,30636.5,28-06-2023 00:00,30716.7,28-06-2023 03:00,30634.1,30665.65,30583.05
Low,30636.5,28-06-2023 00:00,30716.7,28-06-2023 03:00,30404.2,28-06-2023 07:00,30484.4,30453.76,30533.96
High,30716.7,28-06-2023 03:00,30404.2,28-06-2023 07:00,30466.6,28-06-2023 11:00,30154.1,30273.48,29960.98
Low,30404.2,28-06-2023 07:00,30466.6,28-06-2023 11:00,30264.2,28-06-2023 14:00,30326.6,30302.76,30365.16
High,30466.6,28-06-2023 11:00,30264.2,28-06-2023 14:00,30294.3,28-06-2023 16:00,30091.9,30169.22,29966.82
Low,30264.2,28-06-2023 14:00,30294.3,28-06-2023 16:00,30193.4,28-06-2023 17:00,30223.5,30212.0,30242.1
High,30294.3,28-06-2023 16:00,30193.4,28-06-2023 17:00,30242.4,28-06-2023 20:00,30141.5,30180.04,30079.14
Low,30193.4,28-06-2023 17:00,30242.4,28-06-2023 20:00,30080.4,29-06-2023 00:00,30129.4,30110.68,30159.68
High,30242.4,28-06-2023 20:00,30080.4,29-06-2023 00:00,30121.9,29-06-2023 03:00,29959.9,30021.78,29859.78
Low,30080.4,29-06-2023 00:00,30121.9,29-06-2023 03:00,30070.3,29-06-2023 04:00,30111.8,30095.95,30137.45
High,30121.9,29-06-2023 03:00,30070.3,29-06-2023 04:00,30154.5,29-06-2023 06:00,30102.9,30122.61,30071.01
Low,30070.3,29-06-2023 04:00,30154.5,29-06-2023 06:00,30162.3,29-06-2023 08:00,30246.5,30214.34,30298.54
High,30154.5,29-06-2023 06:00,30162.3,29-06-2023 08:00,30171.4,29-06-2023 09:00,30179.2,30176.22,30184.02
Low,30162.3,29-06-2023 08:00,30171.4,29-06-2023 09:00,30221.6,29-06-2023 13:00,30230.7,30227.22,30236.32
High,30171.4,29-06-2023 09:00,30221.6,29-06-2023 13:00,30553.0,29-06-2023 17:00,30603.2,30584.02,30634.22
Low,30221.6,29-06-2023 13:00,30553.0,29-06-2023 17:00,30434.5,29-06-2023 20:00,30765.9,30639.31,30970.71
High,30553.0,29-06-2023 17:00,30434.5,29-06-2023 20:00,30439.9,30-06-2023 04:00,30321.4,30366.67,30248.17
Low,30434.5,29-06-2023 20:00,30439.9,30-06-2023 04:00,30374.5,30-06-2023 07:00,30379.9,30377.84,30383.24
High,30439.9,30-06-2023 04:00,30374.5,30-06-2023 07:00,30868.4,30-06-2023 09:00,30803.0,30827.98,30762.58
Low,30374.5,30-06-2023 07:00,30868.4,30-06-2023 09:00,30663.1,30-06-2023 11:00,31157.0,30968.33,31462.23
High,30868.4,30-06-2023 09:00,30663.1,30-06-2023 11:00,31000.2,30-06-2023 16:00,30794.9,30873.32,30668.02
Low,30663.1,30-06-2023 11:00,31000.2,30-06-2023 16:00,30381.5,30-06-2023 20:00,30718.6,30589.83,30926.93
High,31000.2,30-06-2023 16:00,30381.5,30-06-2023 20:00,30442.7,30-06-2023 21:00,29824.0,30060.34,29441.64
Low,30381.5,30-06-2023 20:00,30442.7,30-06-2023 21:00,30349.7,30-06-2023 23:00,30410.9,30387.52,30448.72
High,30442.7,30-06-2023 21:00,30349.7,30-06-2023 23:00,30391.3,01-07-2023 00:00,30298.3,30333.83,30240.83
Low,30349.7,30-06-2023 23:00,30391.3,01-07-2023 00:00,30472.7,01-07-2023 02:00,30514.3,30498.41,30540.01
High,30391.3,01-07-2023 00:00,30472.7,01-07-2023 02:00,30460.2,01-07-2023 04:00,30541.6,30510.51,30591.91
Low,30472.7,01-07-2023 02:00,30460.2,01-07-2023 04:00,30433.4,01-07-2023 05:00,30420.9,30425.68,30413.18
High,30460.2,01-07-2023 04:00,30433.4,01-07-2023 05:00,30408.4,01-07-2023 07:00,30381.6,30391.84,30365.04
Low,30433.4,01-07-2023 05:00,30408.4,01-07-2023 07:00,30381.4,01-07-2023 09:00,30356.4,30365.95,30340.95
High,30408.4,01-07-2023 07:00,30381.4,01-07-2023 09:00,30429.8,01-07-2023 13:00,30402.8,30413.11,30386.11
Low,30381.4,01-07-2023 09:00,30429.8,01-07-2023 13:00,30455.8,01-07-2023 16:00,30504.2,30485.71,30534.11
High,30429.8,01-07-2023 13:00,30455.8,01-07-2023 16:00,30550.0,01-07-2023 17:00,30576.0,30566.07,30592.07
Low,30455.8,01-07-2023 16:00,30550.0,01-07-2023 17:00,30598.8,01-07-2023 18:00,30693.0,30657.02,30751.22
High,30550.0,01-07-2023 17:00,30598.8,01-07-2023 18:00,30473.1,02-07-2023 09:00,30521.9,30503.26,30552.06
Low,30598.8,01-07-2023 18:00,30473.1,02-07-2023 09:00,30475.8,02-07-2023 11:00,30350.1,30398.12,30272.42
High,30473.1,02-07-2023 09:00,30475.8,02-07-2023 11:00,30477.2,02-07-2023 12:00,30479.9,30478.87,30481.57
Low,30475.8,02-07-2023 11:00,30477.2,02-07-2023 12:00,30513.4,02-07-2023 15:00,30514.8,30514.27,30515.67
High,30477.2,02-07-2023 12:00,30513.4,02-07-2023 15:00,30586.5,02-07-2023 18:00,30622.7,30608.87,30645.07
Low,30513.4,02-07-2023 15:00,30586.5,02-07-2023 18:00,30491.4,02-07-2023 19:00,30564.5,30536.58,30609.68
High,30586.5,02-07-2023 18:00,30491.4,02-07-2023 19:00,30558.4,02-07-2023 21:00,30463.3,30499.63,30404.53
Low,30491.4,02-07-2023 19:00,30558.4,02-07-2023 21:00,30520.0,02-07-2023 23:00,30587.0,30561.41,30628.41
High,30558.4,02-07-2023 21:00,30520.0,02-07-2023 23:00,30747.9,03-07-2023 09:00,30709.5,30724.17,30685.77
Low,30520.0,02-07-2023 23:00,30747.9,03-07-2023 09:00,30642.2,03-07-2023 10:00,30870.1,30783.04,31010.94
High,30747.9,03-07-2023 09:00,30642.2,03-07-2023 10:00,30662.8,03-07-2023 13:00,30557.1,30597.48,30491.78
Low,30642.2,03-07-2023 10:00,30662.8,03-07-2023 13:00,30637.4,03-07-2023 14:00,30658.0,30650.13,30670.73
High,30662.8,03-07-2023 13:00,30637.4,03-07-2023 14:00,30619.6,03-07-2023 15:00,30594.2,30603.9,30578.5
Low,30637.4,03-07-2023 14:00,30619.6,03-07-2023 15:00,30648.0,03-07-2023 18:00,30630.2,30637.0,30619.2
High,30619.6,03-07-2023 15:00,30648.0,03-07-2023 18:00,31254.1,04-07-2023 00:00,31282.5,31271.65,31300.05
Low,30648.0,03-07-2023 18:00,31254.1,04-07-2023 00:00,31044.1,04-07-2023 04:00,31650.2,31418.67,32024.77
High,31254.1,04-07-2023 00:00,31044.1,04-07-2023 04:00,31277.1,04-07-2023 09:00,31067.1,31147.32,30937.32
Low,31044.1,04-07-2023 04:00,31277.1,04-07-2023 09:00,31003.7,04-07-2023 15:00,31236.7,31147.69,31380.69
High,31277.1,04-07-2023 09:00,31003.7,04-07-2023 15:00,30946.8,04-07-2023 22:00,30673.4,30777.84,30504.44
Low,31003.7,04-07-2023 15:00,30946.8,04-07-2023 22:00,30685.3,05-07-2023 02:00,30628.4,30650.14,30593.24
High,30946.8,04-07-2023 22:00,30685.3,05-07-2023 02:00,30756.1,05-07-2023 03:00,30494.6,30594.49,30332.99
Low,30685.3,05-07-2023 02:00,30756.1,05-07-2023 03:00,30751.5,05-07-2023 06:00,30822.3,30795.25,30866.05
High,30756.1,05-07-2023 03:00,30751.5,05-07-2023 06:00,30857.3,05-07-2023 09:00,30852.7,30854.46,30849.86
Low,30751.5,05-07-2023 06:00,30857.3,05-07-2023 09:00,30350.5,05-07-2023 17:00,30456.3,30415.88,30521.68
High,30857.3,05-07-2023 09:00,30350.5,05-07-2023 17:00,30406.2,05-07-2023 18:00,29899.4,30093.0,29586.2
Low,30350.5,05-07-2023 17:00,30406.2,05-07-2023 18:00,30345.0,05-07-2023 21:00,30400.7,30379.42,30435.12
High,30406.2,05-07-2023 18:00,30345.0,05-07-2023 21:00,30493.3,05-07-2023 23:00,30432.1,30455.48,30394.28
Low,30345.0,05-07-2023 21:00,30493.3,05-07-2023 23:00,30450.1,06-07-2023 02:00,30598.4,30541.75,30690.05
High,30493.3,05-07-2023 23:00,30450.1,06-07-2023 02:00,30488.4,06-07-2023 04:00,30445.2,30461.7,30418.5
Low,30450.1,06-07-2023 02:00,30488.4,06-07-2023 04:00,30465.7,06-07-2023 05:00,30504.0,30489.37,30527.67
High,30488.4,06-07-2023 04:00,30465.7,06-07-2023 05:00,30458.9,06-07-2023 08:00,30436.2,30444.87,30422.17
Low,30465.7,06-07-2023 05:00,30458.9,06-07-2023 08:00,30575.5,06-07-2023 12:00,30568.7,30571.3,30564.5
High,30458.9,06-07-2023 08:00,30575.5,06-07-2023 12:00,31064.7,06-07-2023 17:00,31181.3,31136.76,31253.36
Low,30575.5,06-07-2023 12:00,31064.7,06-07-2023 17:00,30196.6,06-07-2023 18:00,30685.8,30498.93,30988.13
High,31064.7,06-07-2023 17:00,30196.6,06-07-2023 18:00,30367.9,07-07-2023 03:00,29499.8,29831.41,28963.31
Low,30196.6,06-07-2023 18:00,30367.9,07-07-2023 03:00,30039.9,07-07-2023 08:00,30211.2,30145.76,30317.06
High,30367.9,07-07-2023 03:00,30039.9,07-07-2023 08:00,30196.0,07-07-2023 10:00,29868.0,29993.3,29665.3
Low,30039.9,07-07-2023 08:00,30196.0,07-07-2023 10:00,29992.9,07-07-2023 12:00,30149.0,30089.37,30245.47
High,30196.0,07-07-2023 10:00,29992.9,07-07-2023 12:00,30119.9,07-07-2023 15:00,29916.8,29994.38,29791.28
Low,29992.9,07-07-2023 12:00,30119.9,07-07-2023 15:00,30190.5,07-07-2023 17:00,30317.5,30268.99,30395.99
High,30119.9,07-07-2023 15:00,30190.5,07-07-2023 17:00,30342.3,07-07-2023 21:00,30412.9,30385.93,30456.53
Low,30190.5,07-07-2023 17:00,30342.3,07-07-2023 21:00,30155.0,08-07-2023 00:00,30306.8,30248.81,30400.61
High,30342.3,07-07-2023 21:00,30155.0,08-07-2023 00:00,30327.9,08-07-2023 04:00,30140.6,30212.15,30024.85
Low,30155.0,08-07-2023 00:00,30327.9,08-07-2023 04:00,30290.0,08-07-2023 05:00,30462.9,30396.85,30569.75
High,30327.9,08-07-2023 04:00,30290.0,08-07-2023 05:00,30261.9,08-07-2023 15:00,30224.0,30238.48,30200.58
Low,30290.0,08-07-2023 05:00,30261.9,08-07-2023 15:00,30154.7,08-07-2023 16:00,30126.6,30137.33,30109.23
High,30261.9,08-07-2023 15:00,30154.7,08-07-2023 16:00,30191.9,08-07-2023 18:00,30084.7,30125.65,30018.45
Low,30154.7,08-07-2023 16:00,30191.9,08-07-2023 18:00,30196.7,08-07-2023 19:00,30233.9,30219.69,30256.89
High,30191.9,08-07-2023 18:00,30196.7,08-07-2023 19:00,30245.4,08-07-2023 22:00,30250.2,30248.37,30253.17
Low,30196.7,08-07-2023 19:00,30245.4,08-07-2023 22:00,30100.0,09-07-2023 04:00,30148.7,30130.1,30178.8
High,30245.4,08-07-2023 22:00,30100.0,09-07-2023 04:00,30320.4,09-07-2023 06:00,30175.0,30230.54,30085.14
Low,30100.0,09-07-2023 04:00,30320.4,09-07-2023 06:00,30277.6,09-07-2023 08:00,30498.0,30413.81,30634.21
High,30320.4,09-07-2023 06:00,30277.6,09-07-2023 08:00,30249.4,09-07-2023 10:00,30206.6,30222.95,30180.15
Low,30277.6,09-07-2023 08:00,30249.4,09-07-2023 10:00,30250.0,09-07-2023 11:00,30221.8,30232.57,30204.37
High,30249.4,09-07-2023 10:00,30250.0,09-07-2023 11:00,30291.9,09-07-2023 12:00,30292.5,30292.27,30292.87
Low,30250.0,09-07-2023 11:00,30291.9,09-07-2023 12:00,30257.3,09-07-2023 15:00,30299.2,30283.19,30325.09
High,30291.9,09-07-2023 12:00,30257.3,09-07-2023 15:00,30328.0,09-07-2023 20:00,30293.4,30306.62,30272.02
Low,30257.3,09-07-2023 15:00,30328.0,09-07-2023 20:00,30279.7,09-07-2023 21:00,30350.4,30323.39,30394.09
High,30328.0,09-07-2023 20:00,30279.7,09-07-2023 21:00,30246.3,09-07-2023 23:00,30198.0,30216.45,30168.15
Low,30279.7,09-07-2023 21:00,30246.3,09-07-2023 23:00,30160.3,10-07-2023 03:00,30126.9,30139.66,30106.26
High,30246.3,09-07-2023 23:00,30160.3,10-07-2023 03:00,30144.9,10-07-2023 09:00,30058.9,30091.75,30005.75
Low,30160.3,10-07-2023 03:00,30144.9,10-07-2023 09:00,30074.0,10-07-2023 10:00,30058.6,30064.48,30049.08
High,30144.9,10-07-2023 09:00,30074.0,10-07-2023 10:00,30100.0,10-07-2023 11:00,30029.1,30056.18,29985.28
Low,30074.0,10-07-2023 10:00,30100.0,10-07-2023 11:00,30147.0,10-07-2023 17:00,30173.0,30163.07,30189.07
High,30100.0,10-07-2023 11:00,30147.0,10-07-2023 17:00,30773.2,11-07-2023 00:00,30820.2,30802.25,30849.25
Low,30147.0,10-07-2023 17:00,30773.2,11-07-2023 00:00,30282.7,11-07-2023 04:00,30908.9,30669.69,31295.89
High,30773.2,11-07-2023 00:00,30282.7,11-07-2023 04:00,30572.1,11-07-2023 06:00,30081.6,30268.97,29778.47
Low,30282.7,11-07-2023 04:00,30572.1,11-07-2023 06:00,30461.0,11-07-2023 07:00,30750.4,30639.85,30929.25
High,30572.1,11-07-2023 06:00,30461.0,11-07-2023 07:00,30429.8,11-07-2023 08:00,30318.7,30361.14,30250.04
