Close Timestamp,Close Price,Predicted Price
2023-04-19 23:00:00,29210.6,26371.679999999997
2023-04-20 00:00:00,29222.9,26438.155000000002
2023-04-20 01:00:00,29165.0,26433.135
2023-04-20 02:00:00,29068.0,26392.289999999997
2023-04-20 03:00:00,28795.1,26189.629999999997
2023-04-20 04:00:00,28911.0,26369.475000000002
2023-04-20 05:00:00,28919.4,26444.61
2023-04-20 06:00:00,28734.4,26322.38000000001
2023-04-20 07:00:00,28850.1,26498.814999999995
2023-04-20 08:00:00,28855.2,26518.555
2023-04-20 09:00:00,28884.6,26562.97
2023-04-20 10:00:00,28911.2,26606.01
2023-04-20 11:00:00,28857.7,26574.620000000003
2023-04-20 12:00:00,28819.0,26555.47
2023-04-20 13:00:00,28852.2,26611.945000000003
2023-04-20 14:00:00,28838.9,26625.525
2023-04-20 15:00:00,28601.6,26420.54
2023-04-20 16:00:00,28876.3,26716.245000000003
2023-04-20 17:00:00,28803.9,26668.739999999998
2023-04-20 18:00:00,28706.6,26599.115
2023-04-20 19:00:00,28492.3,26420.73
2023-04-20 20:00:00,28428.5,26396.65
2023-04-20 21:00:00,28441.2,26445.540000000005
2023-04-20 22:00:00,28351.5,26391.665000000005
2023-04-20 23:00:00,28091.2,26166.560000000005
2023-04-21 00:00:00,28192.6,26303.879999999997
2023-04-21 01:00:00,28220.8,26367.010000000002
2023-04-21 02:00:00,28238.9,26409.885
2023-04-21 03:00:00,28229.9,26431.895000000004
2023-04-21 04:00:00,28279.4,26510.185
2023-04-21 05:00:00,28186.0,26451.714999999997
2023-04-21 06:00:00,28240.6,26539.845
2023-04-21 07:00:00,28309.1,26635.774999999998
2023-04-21 08:00:00,28225.9,26582.23
2023-04-21 09:00:00,28143.1,26534.885
2023-04-21 10:00:00,27906.5,26344.905
2023-04-21 11:00:00,28142.3,26603.669999999995
2023-04-21 12:00:00,28061.4,26563.515000000003
2023-04-21 13:00:00,28048.8,26588.670000000002
2023-04-21 14:00:00,27990.0,26565.7
2023-04-21 15:00:00,28054.5,26652.090000000004
2023-04-21 16:00:00,28206.7,26815.380000000005
2023-04-21 17:00:00,28104.0,26729.540000000005
2023-04-21 18:00:00,28048.4,26689.095000000005
2023-04-21 19:00:00,28032.8,26676.414999999997
2023-04-21 20:00:00,28035.0,26686.495000000003
2023-04-21 21:00:00,27893.4,26561.265
2023-04-21 22:00:00,27776.8,26467.77
2023-04-21 23:00:00,27273.6,26012.385000000002
2023-04-22 00:00:00,27263.7,26053.270000000004
2023-04-22 01:00:00,27279.0,26113.920000000002
2023-04-22 02:00:00,27259.7,26143.665000000005
2023-04-22 03:00:00,27252.5,26189.295000000002
2023-04-22 04:00:00,27216.7,26203.955
2023-04-22 05:00:00,27285.8,26315.920000000002
2023-04-22 06:00:00,27229.5,26293.47
2023-04-22 07:00:00,27309.9,26415.490000000005
2023-04-22 08:00:00,27334.1,26476.054999999997
2023-04-22 09:00:00,27383.9,26559.100000000002
2023-04-22 10:00:00,27334.7,26542.665000000005
2023-04-22 11:00:00,27268.4,26515.670000000002
2023-04-22 12:00:00,27201.1,26498.649999999998
2023-04-22 13:00:00,27229.3,26570.585
2023-04-22 14:00:00,27238.6,26620.375
2023-04-22 15:00:00,27276.1,26695.710000000003
2023-04-22 16:00:00,27325.1,26780.204999999998
2023-04-22 17:00:00,27241.9,26729.58
2023-04-22 18:00:00,27463.8,26967.129999999997
2023-04-22 19:00:00,27477.1,26970.254999999997
2023-04-22 20:00:00,27567.4,27045.370000000003
2023-04-22 21:00:00,27654.0,27113.22
2023-04-22 22:00:00,27585.7,27028.620000000003
2023-04-22 23:00:00,27604.7,27030.01
2023-04-23 00:00:00,27621.4,27026.475000000002
2023-04-23 01:00:00,27658.8,27045.225
2023-04-23 02:00:00,27837.8,27193.810000000005
2023-04-23 03:00:00,27807.2,27138.345
2023-04-23 04:00:00,27532.8,26854.01
2023-04-23 05:00:00,27539.4,26852.835
2023-04-23 06:00:00,27580.1,26881.265000000003
2023-04-23 07:00:00,27545.2,26832.525
2023-04-23 08:00:00,27592.0,26859.78
2023-04-23 09:00:00,27573.8,26824.355
2023-04-23 10:00:00,27574.9,26808.64
2023-04-23 11:00:00,27704.6,26916.915
2023-04-23 12:00:00,27695.8,26889.579999999998
2023-04-23 13:00:00,27618.0,26792.975000000002
2023-04-23 14:00:00,27517.1,26689.410000000003
2023-04-23 15:00:00,27632.8,26797.325
2023-04-23 16:00:00,27594.0,26757.195000000003
2023-04-23 17:00:00,27614.6,26779.765000000003
2023-04-23 18:00:00,27538.9,26706.405000000002
2023-04-23 19:00:00,27460.2,26634.93
2023-04-23 20:00:00,27570.1,26747.395
2023-04-23 21:00:00,27500.7,26685.9
2023-04-23 22:00:00,27443.5,26648.415000000005
2023-04-23 23:00:00,27453.3,26675.909999999996
2023-04-24 00:00:00,27492.0,26716.65
2023-04-24 01:00:00,27499.4,26726.050000000003
2023-04-24 02:00:00,27579.6,26806.274999999998
2023-04-24 03:00:00,27576.0,26801.135
2023-04-24 04:00:00,27793.7,27008.75
2023-04-24 05:00:00,27739.8,26946.55
2023-04-24 06:00:00,27730.2,26929.184999999998
2023-04-24 07:00:00,27780.0,26975.215000000004
2023-04-24 08:00:00,27689.9,26885.41
2023-04-24 09:00:00,27643.3,26837.545000000002
2023-04-24 10:00:00,27534.0,26727.4
2023-04-24 11:00:00,27440.8,26643.8
2023-04-24 12:00:00,27173.9,26397.905000000002
2023-04-24 13:00:00,27300.0,26539.734999999997
2023-04-24 14:00:00,27406.8,26653.139999999996
2023-04-24 15:00:00,27540.0,26782.350000000002
2023-04-24 16:00:00,27431.4,26680.685000000005
2023-04-24 17:00:00,27611.9,26855.625000000004
2023-04-24 18:00:00,27416.8,26661.859999999997
2023-04-24 19:00:00,27256.0,26510.925
2023-04-24 20:00:00,27100.2,26374.715000000004
2023-04-24 21:00:00,27365.3,26646.52
2023-04-24 22:00:00,27327.1,26620.945
2023-04-24 23:00:00,27373.8,26677.754999999997
2023-04-25 00:00:00,27446.7,26768.005
2023-04-25 01:00:00,27400.0,26738.295000000002
2023-04-25 02:00:00,27447.8,26800.214999999997
2023-04-25 03:00:00,27497.5,26864.039999999997
2023-04-25 04:00:00,27447.8,26826.445
2023-04-25 05:00:00,27386.5,26777.984999999997
2023-04-25 06:00:00,27391.6,26790.204999999998
2023-04-25 07:00:00,27337.6,26741.364999999994
2023-04-25 08:00:00,27398.5,26791.035
2023-04-25 09:00:00,27400.8,26788.295000000002
2023-04-25 10:00:00,27347.0,26737.484999999997
2023-04-25 11:00:00,27252.3,26657.170000000002
2023-04-25 12:00:00,27418.0,26823.540000000005
2023-04-25 13:00:00,27311.9,26732.440000000006
2023-04-25 14:00:00,27319.5,26744.905
2023-04-25 15:00:00,27382.1,26801.2
2023-04-25 16:00:00,27383.5,26788.434999999998
2023-04-25 17:00:00,27332.5,26739.075
2023-04-25 18:00:00,27280.0,26688.93
2023-04-25 19:00:00,27329.5,26740.645
2023-04-25 20:00:00,27385.9,26800.085
2023-04-25 21:00:00,27608.2,27011.975000000002
2023-04-25 22:00:00,27565.3,26963.2
2023-04-25 23:00:00,27596.1,26989.07
2023-04-26 00:00:00,27961.6,27328.879999999997
2023-04-26 01:00:00,28249.3,27573.439999999995
2023-04-26 02:00:00,28219.3,27502.055
2023-04-26 03:00:00,28286.7,27522.0
2023-04-26 04:00:00,28287.0,27477.875
2023-04-26 05:00:00,28370.6,27512.985000000004
2023-04-26 06:00:00,28375.0,27465.985000000004
2023-04-26 07:00:00,28296.2,27334.989999999998
2023-04-26 08:00:00,28315.0,27308.94
2023-04-26 09:00:00,28379.9,27320.440000000006
2023-04-26 10:00:00,28377.6,27265.234999999997
2023-04-26 11:00:00,28365.0,27203.489999999998
2023-04-26 12:00:00,28703.5,27475.989999999998
2023-04-26 13:00:00,28849.5,27546.139999999996
2023-04-26 14:00:00,28982.8,27594.3
2023-04-26 15:00:00,28940.7,27471.64
2023-04-26 16:00:00,29955.0,28357.484999999997
2023-04-26 17:00:00,29837.4,28128.425000000003
2023-04-26 18:00:00,29687.9,27872.795000000002
2023-04-26 19:00:00,29803.0,27877.55
2023-04-26 20:00:00,29803.7,27786.144999999997
2023-04-26 21:00:00,29713.3,27622.545000000002
2023-04-26 22:00:00,29732.7,27566.275
2023-04-26 23:00:00,27871.9,25726.215000000004
2023-04-27 00:00:00,28405.3,26253.7
2023-04-27 01:00:00,28670.0,26503.43
2023-04-27 02:00:00,28282.2,26120.269999999997
2023-04-27 03:00:00,28395.9,26228.985000000004
2023-04-27 04:00:00,29215.1,27003.180000000004
2023-04-27 05:00:00,28730.3,26500.859999999997
2023-04-27 06:00:00,29025.0,26763.190000000002
2023-04-27 07:00:00,28876.6,26589.210000000003
2023-04-27 08:00:00,29079.3,26773.120000000003
2023-04-27 09:00:00,29071.9,26754.600000000002
2023-04-27 10:00:00,28778.6,26471.51
2023-04-27 11:00:00,28880.0,26575.945000000003
2023-04-27 12:00:00,28941.9,26688.500000000004
2023-04-27 13:00:00,28920.1,26712.564999999995
2023-04-27 14:00:00,28981.9,26809.664999999997
2023-04-27 15:00:00,28921.2,26793.055
2023-04-27 16:00:00,28846.6,26766.31
2023-04-27 17:00:00,28920.1,26879.47
2023-04-27 18:00:00,28964.8,26962.565000000002
2023-04-27 19:00:00,29136.7,27071.225000000002
2023-04-27 20:00:00,29121.0,27019.74
2023-04-27 21:00:00,29282.6,27150.709999999995
2023-04-27 22:00:00,29758.8,27553.079999999998
2023-04-27 23:00:00,29659.9,27390.98
2023-04-28 00:00:00,29610.1,27321.429999999997
2023-04-28 01:00:00,29631.0,27297.295000000002
2023-04-28 02:00:00,29375.6,27024.365
2023-04-28 03:00:00,29459.0,27078.645
2023-04-28 04:00:00,29539.6,27136.23
2023-04-28 05:00:00,29502.0,27077.125
2023-04-28 06:00:00,29385.6,26930.375
2023-04-28 07:00:00,29412.8,26930.935000000005
2023-04-28 08:00:00,29489.7,26980.445000000003
2023-04-28 09:00:00,29462.9,26926.505
2023-04-28 10:00:00,29459.1,26898.845
2023-04-28 11:00:00,29473.9,26886.01
2023-04-28 12:00:00,29242.9,26635.195000000003
2023-04-28 13:00:00,29187.3,26566.234999999997
2023-04-28 14:00:00,29249.0,26613.725000000002
2023-04-28 15:00:00,29226.0,26586.26
2023-04-28 16:00:00,29213.8,26569.419999999995
2023-04-28 17:00:00,29018.8,26387.610000000004
2023-04-28 18:00:00,29087.8,26490.159999999996
2023-04-28 19:00:00,29133.9,26562.56
2023-04-28 20:00:00,29259.6,26705.784999999996
2023-04-28 21:00:00,29225.0,26691.484999999997
2023-04-28 22:00:00,29226.8,26700.725
2023-04-28 23:00:00,29317.6,26798.594999999994
2023-04-29 00:00:00,29322.3,26814.160000000003
2023-04-29 01:00:00,29310.1,26811.555000000004
2023-04-29 02:00:00,29327.3,26831.670000000002
2023-04-29 03:00:00,29300.0,26810.01
2023-04-29 04:00:00,29252.0,26773.895
2023-04-29 05:00:00,29257.2,26789.380000000005
2023-04-29 06:00:00,29358.1,26895.329999999998
2023-04-29 07:00:00,29328.8,26873.285000000003
2023-04-29 08:00:00,29363.0,26901.48
2023-04-29 09:00:00,29346.0,26876.545000000002
2023-04-29 10:00:00,29316.1,26843.29
2023-04-29 11:00:00,29333.9,26855.695000000003
2023-04-29 12:00:00,29300.0,26817.485000000004
2023-04-29 13:00:00,29290.1,26794.02
2023-04-29 14:00:00,29257.2,26752.65
2023-04-29 15:00:00,29323.4,26809.375000000004
2023-04-29 16:00:00,29269.2,26754.695000000003
2023-04-29 17:00:00,29371.9,26850.050000000003
2023-04-29 18:00:00,29319.1,26792.635
2023-04-29 19:00:00,29258.1,26734.610000000004
2023-04-29 20:00:00,29265.3,26744.659999999996
2023-04-29 21:00:00,29142.5,26630.239999999998
2023-04-29 22:00:00,29165.8,26661.615
2023-04-29 23:00:00,29222.0,26721.715000000004
2023-04-30 00:00:00,29205.7,26707.73
2023-04-30 01:00:00,29219.0,26722.94
2023-04-30 02:00:00,29186.0,26698.545000000002
2023-04-30 03:00:00,29212.7,26731.050000000003
2023-04-30 04:00:00,29124.3,26654.585
2023-04-30 05:00:00,29084.5,26627.859999999997
2023-04-30 06:00:00,29162.6,26713.635
2023-04-30 07:00:00,29168.0,26727.329999999998
2023-04-30 08:00:00,29198.5,26762.905
2023-04-30 09:00:00,29245.9,26812.515
2023-04-30 10:00:00,29260.0,26826.475000000002
2023-04-30 11:00:00,29252.0,26822.045000000002
2023-04-30 12:00:00,29260.7,26831.170000000002
2023-04-30 13:00:00,29242.7,26819.63
2023-04-30 14:00:00,29210.7,26793.050000000003
2023-04-30 15:00:00,29184.6,26770.625
2023-04-30 16:00:00,29227.2,26815.13
2023-04-30 17:00:00,29278.0,26859.155
2023-04-30 18:00:00,29377.0,26947.594999999998
2023-04-30 19:00:00,29644.2,27193.684999999998
2023-04-30 20:00:00,29700.1,27224.865
2023-04-30 21:00:00,29628.4,27132.695000000003
2023-04-30 22:00:00,29569.4,27054.525
2023-04-30 23:00:00,29346.0,26824.46
2023-05-01 00:00:00,29314.9,26783.83
2023-05-01 01:00:00,29399.8,26852.965000000004
2023-05-01 02:00:00,29363.2,26806.335
2023-05-01 03:00:00,29223.0,26663.385
2023-05-01 04:00:00,29303.3,26738.445
2023-05-01 05:00:00,28488.3,25961.325
2023-05-01 06:00:00,28535.0,26044.275
2023-05-01 07:00:00,28545.6,26090.195
2023-05-01 08:00:00,28543.7,26124.145000000004
2023-05-01 09:00:00,28468.0,26087.180000000004
2023-05-01 10:00:00,28578.0,26228.815000000002
2023-05-01 11:00:00,28610.0,26289.545000000002
2023-05-01 12:00:00,28561.4,26274.235000000004
2023-05-01 13:00:00,28511.7,26262.850000000002
2023-05-01 14:00:00,28537.9,26331.00500000001
2023-05-01 15:00:00,28510.6,26360.385
2023-05-01 16:00:00,28581.4,26487.120000000003
2023-05-01 17:00:00,28445.4,26410.270000000004
2023-05-01 18:00:00,28462.5,26482.715000000004
2023-05-01 19:00:00,28158.3,26237.9
2023-05-01 20:00:00,28350.5,26478.320000000003
2023-05-01 21:00:00,28266.2,26450.7
2023-05-01 22:00:00,28161.8,26406.370000000003
2023-05-01 23:00:00,27833.9,26147.925000000003
2023-05-02 00:00:00,27663.7,26059.705
2023-05-02 01:00:00,27975.3,26396.954999999998
2023-05-02 02:00:00,28001.8,26450.115
2023-05-02 03:00:00,28054.4,26527.275
2023-05-02 04:00:00,28033.0,26531.41
2023-05-02 05:00:00,27927.2,26452.65
2023-05-02 06:00:00,28000.0,26554.350000000002
2023-05-02 07:00:00,28031.9,26615.155000000002
2023-05-02 08:00:00,27916.9,26532.38
2023-05-02 09:00:00,27987.2,26628.905000000006
2023-05-02 10:00:00,27983.4,26652.83
2023-05-02 11:00:00,28045.0,26737.710000000003
2023-05-02 12:00:00,28017.8,26738.689999999995
2023-05-02 13:00:00,27970.0,26714.66
2023-05-02 14:00:00,28001.1,26768.829999999998
2023-05-02 15:00:00,28076.1,26847.940000000002
2023-05-02 16:00:00,28095.7,26880.28
2023-05-02 17:00:00,27994.9,26793.045000000002
2023-05-02 18:00:00,28357.9,27146.240000000005
2023-05-02 19:00:00,28521.1,27275.080000000005
2023-05-02 20:00:00,28457.1,27171.409999999996
2023-05-02 21:00:00,28569.7,27254.290000000005
2023-05-02 22:00:00,28707.3,27356.614999999998
2023-05-02 23:00:00,28676.4,27294.615000000005
2023-05-03 00:00:00,28661.5,27248.290000000005
2023-05-03 01:00:00,28649.6,27200.269999999993
2023-05-03 02:00:00,28727.0,27241.319999999996
2023-05-03 03:00:00,28656.5,27139.589999999997
2023-05-03 04:00:00,28492.0,26946.335
2023-05-03 05:00:00,28527.9,26955.2
2023-05-03 06:00:00,28497.8,26899.379999999997
2023-05-03 07:00:00,28505.4,26883.96
2023-05-03 08:00:00,28499.9,26854.355
2023-05-03 09:00:00,28467.8,26797.365
2023-05-03 10:00:00,28589.5,26889.645
2023-05-03 11:00:00,28638.3,26910.335
2023-05-03 12:00:00,28676.8,26919.780000000006
2023-05-03 13:00:00,28653.3,26863.359999999997
2023-05-03 14:00:00,28565.4,26765.085
2023-05-03 15:00:00,28535.1,26734.084999999995
2023-05-03 16:00:00,28296.4,26503.420000000002
2023-05-03 17:00:00,28359.1,26576.649999999998
2023-05-03 18:00:00,28206.6,26449.185
2023-05-03 19:00:00,28292.7,26554.469999999998
2023-05-03 20:00:00,28464.7,26736.309999999998
2023-05-03 21:00:00,28559.3,26835.425
2023-05-03 22:00:00,28429.2,26720.215000000004
2023-05-03 23:00:00,28308.8,26617.2
2023-05-04 00:00:00,28503.4,26811.230000000007
2023-05-04 01:00:00,28915.0,27203.475000000002
2023-05-04 02:00:00,29096.0,27354.565000000002
2023-05-04 03:00:00,29018.4,27251.315000000006
2023-05-04 04:00:00,29030.0,27236.410000000003
2023-05-04 05:00:00,29057.4,27234.33
2023-05-04 06:00:00,29052.4,27206.185
2023-05-04 07:00:00,29084.7,27216.165000000005
2023-05-04 08:00:00,29089.8,27200.614999999998
2023-05-04 09:00:00,29191.0,27274.93
2023-05-04 10:00:00,29149.3,27204.034999999996
2023-05-04 11:00:00,29048.6,27077.659999999996
2023-05-04 12:00:00,29076.8,27066.840000000004
2023-05-04 13:00:00,29079.5,27033.52
2023-05-04 14:00:00,29234.6,27137.22
2023-05-04 15:00:00,29145.0,27005.005000000005
2023-05-04 16:00:00,29045.0,26875.99
2023-05-04 17:00:00,28745.6,26567.274999999998
2023-05-04 18:00:00,28770.0,26574.635
2023-05-04 19:00:00,28850.0,26627.575
2023-05-04 20:00:00,28909.4,26666.675000000003
2023-05-04 21:00:00,28830.9,26592.38
2023-05-04 22:00:00,28786.1,26563.075
2023-05-04 23:00:00,28883.2,26666.934999999998
2023-05-05 00:00:00,28856.8,26649.195
2023-05-05 01:00:00,28830.0,26633.765000000003
2023-05-05 02:00:00,28762.8,26581.045000000002
2023-05-05 03:00:00,28826.0,26657.18
2023-05-05 04:00:00,28923.6,26763.09
2023-05-05 05:00:00,29314.9,27148.195000000003
2023-05-05 06:00:00,29233.0,27062.109999999997
2023-05-05 07:00:00,29187.0,27009.190000000002
2023-05-05 08:00:00,29213.8,27029.139999999996
2023-05-05 09:00:00,29187.0,26996.964999999997
2023-05-05 10:00:00,29152.6,26966.664999999997
2023-05-05 11:00:00,29059.0,26877.364999999998
2023-05-05 12:00:00,29046.0,26864.315
2023-05-05 13:00:00,29089.9,26891.000000000004
2023-05-05 14:00:00,29095.5,26880.325
2023-05-05 15:00:00,29137.5,26907.95
2023-05-05 16:00:00,28939.1,26708.064999999995
2023-05-05 17:00:00,29163.7,26916.025
2023-05-05 18:00:00,29244.8,26974.189999999995
2023-05-05 19:00:00,29347.4,27053.58
2023-05-05 20:00:00,29580.0,27250.019999999997
2023-05-05 21:00:00,29455.3,27094.055
2023-05-05 22:00:00,29391.2,26998.535
2023-05-05 23:00:00,29548.7,27119.9
2023-05-06 00:00:00,29483.0,27026.23
2023-05-06 01:00:00,29475.2,27010.415000000005
2023-05-06 02:00:00,29579.9,27097.770000000004
2023-05-06 03:00:00,29491.5,26994.145
2023-05-06 04:00:00,29657.3,27137.77
2023-05-06 05:00:00,29535.2,26998.260000000006
2023-05-06 06:00:00,29457.8,26905.6
2023-05-06 07:00:00,29360.1,26792.845
2023-05-06 08:00:00,29342.6,26760.515000000003
2023-05-06 09:00:00,29340.4,26745.790000000005
2023-05-06 10:00:00,29376.1,26767.460000000003
2023-05-06 11:00:00,29350.2,26730.925000000003
2023-05-06 12:00:00,29320.7,26682.345
2023-05-06 13:00:00,29276.1,26632.125
2023-05-06 14:00:00,29236.4,26592.845000000005
2023-05-06 15:00:00,29264.5,26625.090000000004
2023-05-06 16:00:00,29088.0,26473.190000000002
2023-05-06 17:00:00,28937.3,26348.389999999996
2023-05-06 18:00:00,28591.0,26042.100000000002
2023-05-06 19:00:00,28557.9,26058.540000000005
2023-05-06 20:00:00,28684.9,26225.445000000003
2023-05-06 21:00:00,28757.7,26334.119999999995
2023-05-06 22:00:00,28901.3,26511.65
2023-05-06 23:00:00,28831.9,26475.23
2023-05-07 00:00:00,28783.5,26470.52
2023-05-07 01:00:00,28797.3,26521.214999999997
2023-05-07 02:00:00,28816.8,26572.765000000003
2023-05-07 03:00:00,28837.8,26619.879999999997
2023-05-07 04:00:00,28929.5,26732.234999999997
2023-05-07 05:00:00,28875.9,26701.86
2023-05-07 06:00:00,28803.8,26658.375
2023-05-07 07:00:00,28790.8,26673.345
2023-05-07 08:00:00,28828.8,26735.940000000002
2023-05-07 09:00:00,28870.0,26797.445000000003
2023-05-07 10:00:00,28899.4,26843.695000000003
2023-05-07 11:00:00,28891.9,26854.825
2023-05-07 12:00:00,28845.4,26820.455
2023-05-07 13:00:00,28806.0,26787.620000000003
2023-05-07 14:00:00,28837.0,26806.320000000003
2023-05-07 15:00:00,28826.5,26782.389999999996
2023-05-07 16:00:00,28905.1,26849.98
2023-05-07 17:00:00,28908.7,26846.030000000006
2023-05-07 18:00:00,29031.9,26962.7
2023-05-07 19:00:00,28933.1,26858.84
2023-05-07 20:00:00,28940.9,26858.770000000004
2023-05-07 21:00:00,28888.6,26801.905000000002
2023-05-07 22:00:00,28843.4,26755.375000000004
2023-05-07 23:00:00,28894.0,26803.165000000005
2023-05-08 00:00:00,28901.7,26812.255
2023-05-08 01:00:00,28757.8,26674.260000000002
2023-05-08 02:00:00,28727.6,26647.869999999995
2023-05-08 03:00:00,28419.4,26358.240000000005
2023-05-08 04:00:00,28563.5,26515.605
2023-05-08 05:00:00,28207.9,26193.11
2023-05-08 06:00:00,28267.8,26284.589999999997
2023-05-08 07:00:00,28188.0,26239.984999999997
2023-05-08 08:00:00,28110.2,26198.945000000003
2023-05-08 09:00:00,28243.8,26360.655
2023-05-08 10:00:00,28158.2,26308.995000000003
2023-05-08 11:00:00,27957.8,26152.03
2023-05-08 12:00:00,27690.9,25945.84
2023-05-08 13:00:00,27900.0,26205.375
2023-05-08 14:00:00,27923.4,26284.2
2023-05-08 15:00:00,27922.2,26333.545000000002
2023-05-08 16:00:00,27756.8,26227.35
2023-05-08 17:00:00,27844.6,26367.35
2023-05-08 18:00:00,27958.1,26525.114999999994
2023-05-08 19:00:00,27874.1,26492.109999999997
2023-05-08 20:00:00,27858.0,26528.195000000003
2023-05-08 21:00:00,27522.9,26254.84
2023-05-08 22:00:00,27465.3,26260.355
2023-05-08 23:00:00,27329.1,26178.669999999995
2023-05-09 00:00:00,27519.0,26420.794999999995
2023-05-09 01:00:00,27531.2,26466.83
2023-05-09 02:00:00,27638.5,26605.595
2023-05-09 03:00:00,27659.8,26653.305000000004
2023-05-09 04:00:00,27568.2,26588.805
2023-05-09 05:00:00,27687.3,26735.730000000003
2023-05-09 06:00:00,27628.4,26703.320000000003
2023-05-09 07:00:00,27612.5,26704.685000000005
2023-05-09 08:00:00,27598.0,26694.830000000005
2023-05-09 09:00:00,27540.2,26655.020000000004
2023-05-09 10:00:00,27535.0,26669.239999999998
2023-05-09 11:00:00,27649.3,26797.185000000005
2023-05-09 12:00:00,27556.9,26714.780000000002
2023-05-09 13:00:00,27569.4,26741.040000000005
2023-05-09 14:00:00,27573.7,26764.560000000005
2023-05-09 15:00:00,27663.9,26865.270000000004
2023-05-09 16:00:00,27744.9,26951.925000000003
2023-05-09 17:00:00,27605.4,26808.300000000003
2023-05-09 18:00:00,27523.1,26723.110000000004
2023-05-09 19:00:00,27385.8,26582.975
2023-05-09 20:00:00,27691.2,26879.765000000003
2023-05-09 21:00:00,27605.5,26790.350000000002
2023-05-09 22:00:00,27546.0,26735.475000000002
2023-05-09 23:00:00,27704.7,26891.93
2023-05-10 00:00:00,27636.0,26819.839999999997
2023-05-10 01:00:00,27589.7,26778.420000000002
2023-05-10 02:00:00,27564.0,26755.940000000002
2023-05-10 03:00:00,27610.2,26802.255
2023-05-10 04:00:00,27736.0,26921.155
2023-05-10 05:00:00,27685.2,26863.105
2023-05-10 06:00:00,27662.7,26834.219999999998
2023-05-10 07:00:00,27668.8,26839.345
2023-05-10 08:00:00,27673.6,26838.31
2023-05-10 09:00:00,27646.1,26806.975
2023-05-10 10:00:00,27613.4,26772.290000000005
2023-05-10 11:00:00,27532.4,26697.865000000005
2023-05-10 12:00:00,27560.4,26735.09
2023-05-10 13:00:00,27566.7,26743.325
2023-05-10 14:00:00,27579.2,26753.019999999997
2023-05-10 15:00:00,27660.7,26820.775
2023-05-10 16:00:00,28160.1,27296.73
2023-05-10 17:00:00,28153.7,27262.92
2023-05-10 18:00:00,28078.0,27160.619999999995
2023-05-10 19:00:00,28141.2,27201.995000000003
2023-05-10 20:00:00,28166.6,27200.865
2023-05-10 21:00:00,27481.1,26520.794999999995
2023-05-10 22:00:00,27417.0,26464.044999999995
2023-05-10 23:00:00,27683.6,26726.975
2023-05-11 00:00:00,27848.3,26886.060000000005
2023-05-11 01:00:00,27497.5,26544.645
2023-05-11 02:00:00,27655.5,26703.005000000005
2023-05-11 03:00:00,27582.9,26634.7
2023-05-11 04:00:00,27500.0,26560.48
2023-05-11 05:00:00,27543.5,26609.109999999997
2023-05-11 06:00:00,27495.9,26567.385
2023-05-11 07:00:00,27435.1,26511.45
2023-05-11 08:00:00,27484.0,26564.170000000002
2023-05-11 09:00:00,27515.4,26598.135
2023-05-11 10:00:00,27489.2,26576.435000000005
2023-05-11 11:00:00,27437.5,26535.895
2023-05-11 12:00:00,27381.9,26519.205
2023-05-11 13:00:00,27404.4,26579.170000000002
2023-05-11 14:00:00,27446.6,26652.939999999995
2023-05-11 15:00:00,27393.2,26636.94
2023-05-11 16:00:00,27385.3,26668.105
2023-05-11 17:00:00,27197.0,26494.01
2023-05-11 18:00:00,27111.2,26423.5
2023-05-11 19:00:00,27166.3,26504.464999999997
2023-05-11 20:00:00,27115.1,26489.925
2023-05-11 21:00:00,26894.1,26299.095
2023-05-11 22:00:00,26950.8,26391.03
2023-05-11 23:00:00,26831.4,26309.205
2023-05-12 00:00:00,26981.9,26485.61
2023-05-12 01:00:00,26966.2,26498.775
2023-05-12 02:00:00,26890.1,26452.965
2023-05-12 03:00:00,26956.4,26543.2
2023-05-12 04:00:00,27019.9,26629.905000000002
2023-05-12 05:00:00,26865.1,26507.62
2023-05-12 06:00:00,26631.9,26317.285000000007
2023-05-12 07:00:00,26574.8,26303.32
2023-05-12 08:00:00,26644.6,26409.984999999997
2023-05-12 09:00:00,26261.3,26083.840000000004
2023-05-12 10:00:00,26287.2,26167.71
2023-05-12 11:00:00,26294.1,26229.565000000002
2023-05-12 12:00:00,26277.2,26268.070000000003
2023-05-12 13:00:00,26368.6,26400.890000000003
2023-05-12 14:00:00,26327.5,26398.975000000002
2023-05-12 15:00:00,26333.0,26446.140000000003
2023-05-12 16:00:00,26397.3,26546.329999999998
2023-05-12 17:00:00,26436.2,26608.125
2023-05-12 18:00:00,26302.1,26506.459999999995
2023-05-12 19:00:00,26307.7,26538.245000000003
2023-05-12 20:00:00,26281.5,26547.065
2023-05-12 21:00:00,26288.6,26588.045000000002
2023-05-12 22:00:00,26290.0,26619.45
2023-05-12 23:00:00,26445.2,26800.21
2023-05-13 00:00:00,26425.6,26810.325
2023-05-13 01:00:00,26733.2,27124.520000000004
2023-05-13 02:00:00,26675.7,27064.83
2023-05-13 03:00:00,26785.1,27163.715
2023-05-13 04:00:00,26825.7,27195.26
2023-05-13 05:00:00,26818.1,27159.82
2023-05-13 06:00:00,26767.5,27085.204999999998
2023-05-13 07:00:00,26794.6,27087.28
2023-05-13 08:00:00,26785.0,27052.290000000005
2023-05-13 09:00:00,26731.2,26980.36
2023-05-13 10:00:00,26722.0,26951.434999999998
2023-05-13 11:00:00,26759.3,26967.420000000002
2023-05-13 12:00:00,26787.0,26975.635
2023-05-13 13:00:00,26828.0,26997.045000000002
2023-05-13 14:00:00,26817.8,26961.059999999998
2023-05-13 15:00:00,26814.3,26932.23
2023-05-13 16:00:00,26809.4,26900.935
2023-05-13 17:00:00,26810.7,26876.13
2023-05-13 18:00:00,26780.9,26821.785000000007
2023-05-13 19:00:00,26802.0,26825.045000000002
2023-05-13 20:00:00,26810.0,26813.825
2023-05-13 21:00:00,26801.3,26801.72
2023-05-13 22:00:00,26773.0,26768.555
2023-05-13 23:00:00,26822.6,26816.28
2023-05-14 00:00:00,26891.6,26881.985000000004
2023-05-14 01:00:00,26848.0,26836.890000000003
2023-05-14 02:00:00,26879.2,26862.505
2023-05-14 03:00:00,26762.7,26747.600000000002
2023-05-14 04:00:00,26731.4,26718.98
2023-05-14 05:00:00,26720.9,26708.995000000003
2023-05-14 06:00:00,26799.0,26783.245000000003
2023-05-14 07:00:00,26853.6,26833.129999999997
2023-05-14 08:00:00,26813.1,26791.325
2023-05-14 09:00:00,26817.0,26795.775
2023-05-14 10:00:00,26829.0,26807.215000000004
2023-05-14 11:00:00,26839.9,26816.835000000006
2023-05-14 12:00:00,26831.8,26807.614999999998
2023-05-14 13:00:00,26825.9,26800.955
2023-05-14 14:00:00,26817.6,26790.82
2023-05-14 15:00:00,26794.8,26768.379999999997
2023-05-14 16:00:00,26861.1,26832.125
2023-05-14 17:00:00,26898.0,26864.190000000002
2023-05-14 18:00:00,26950.1,26907.434999999998
2023-05-14 19:00:00,27071.4,27016.295000000002
2023-05-14 20:00:00,26942.0,26884.375
2023-05-14 21:00:00,26929.2,26867.515000000003
2023-05-14 22:00:00,26909.0,26845.825
2023-05-14 23:00:00,26865.0,26796.71
2023-05-15 00:00:00,26927.7,26849.595
2023-05-15 01:00:00,26895.9,26809.045000000002
2023-05-15 02:00:00,26888.2,26796.885000000006
2023-05-15 03:00:00,26901.9,26808.170000000002
2023-05-15 04:00:00,26787.8,26695.335
2023-05-15 05:00:00,27191.5,27080.309999999998
2023-05-15 06:00:00,27144.1,27017.155
2023-05-15 07:00:00,27216.3,27070.534999999996
2023-05-15 08:00:00,27271.8,27104.034999999996
2023-05-15 09:00:00,27322.4,27129.810000000005
2023-05-15 10:00:00,27463.7,27238.805
2023-05-15 11:00:00,27398.6,27143.514999999996
2023-05-15 12:00:00,27422.1,27138.965
2023-05-15 13:00:00,27377.9,27070.770000000004
2023-05-15 14:00:00,27398.1,27068.57
2023-05-15 15:00:00,27323.2,26981.08
2023-05-15 16:00:00,27380.8,27016.74
2023-05-15 17:00:00,27361.6,26975.920000000002
2023-05-15 18:00:00,27390.8,26981.03
2023-05-15 19:00:00,27383.0,26947.329999999998
2023-05-15 20:00:00,27467.6,27004.934999999998
2023-05-15 21:00:00,27493.0,27000.48
2023-05-15 22:00:00,27420.0,26900.890000000003
2023-05-15 23:00:00,27410.1,26865.579999999998
2023-05-16 00:00:00,27338.5,26766.445000000003
2023-05-16 01:00:00,27352.4,26772.300000000003
2023-05-16 02:00:00,27298.5,26710.68
2023-05-16 03:00:00,27152.5,26567.870000000003
2023-05-16 04:00:00,27194.1,26613.355
2023-05-16 05:00:00,27008.9,26443.83
2023-05-16 06:00:00,27067.0,26521.765000000003
2023-05-16 07:00:00,27118.7,26587.46
2023-05-16 08:00:00,27100.3,26585.15
2023-05-16 09:00:00,27050.1,26551.34
2023-05-16 10:00:00,27051.2,26569.785
2023-05-16 11:00:00,27240.6,26763.315000000002
2023-05-16 12:00:00,27190.5,26722.730000000007
2023-05-16 13:00:00,27080.6,26626.879999999997
2023-05-16 14:00:00,27001.1,26566.865
2023-05-16 15:00:00,27049.3,26631.75
2023-05-16 16:00:00,27047.3,26650.764999999996
2023-05-16 17:00:00,26969.6,26599.234999999997
2023-05-16 18:00:00,26973.9,26625.84
2023-05-16 19:00:00,27027.9,26698.95
2023-05-16 20:00:00,27043.6,26729.395
2023-05-16 21:00:00,27074.4,26774.095000000005
2023-05-16 22:00:00,27040.6,26753.189999999995
2023-05-16 23:00:00,26917.9,26642.220000000005
2023-05-17 00:00:00,26942.0,26678.925
2023-05-17 01:00:00,27001.6,26738.889999999996
2023-05-17 02:00:00,26989.2,26730.38
2023-05-17 03:00:00,27024.8,26770.675
2023-05-17 04:00:00,27087.4,26833.920000000002
2023-05-17 05:00:00,27160.1,26901.12
2023-05-17 06:00:00,27051.3,26792.315000000002
2023-05-17 07:00:00,27052.1,26802.54
2023-05-17 08:00:00,27059.1,26816.109999999997
2023-05-17 09:00:00,26978.2,26740.33
2023-05-17 10:00:00,26985.9,26748.790000000005
2023-05-17 11:00:00,26831.9,26605.66
2023-05-17 12:00:00,26803.8,26589.734999999997
2023-05-17 13:00:00,26861.1,26652.459999999995
2023-05-17 14:00:00,26855.3,26652.590000000004
2023-05-17 15:00:00,26626.5,26443.860000000004
2023-05-17 16:00:00,26659.8,26496.35
2023-05-17 17:00:00,26618.7,26478.035000000003
2023-05-17 18:00:00,26770.2,26643.055
2023-05-17 19:00:00,26788.0,26667.350000000002
2023-05-17 20:00:00,26891.8,26773.660000000003
2023-05-17 21:00:00,27077.0,26955.090000000004
2023-05-17 22:00:00,27081.7,26955.165000000005
2023-05-17 23:00:00,27377.1,27232.95
2023-05-18 00:00:00,27330.3,27174.004999999997
2023-05-18 01:00:00,27356.9,27190.765000000003
2023-05-18 02:00:00,27322.1,27142.425
2023-05-18 03:00:00,27395.8,27198.940000000002
2023-05-18 04:00:00,27348.1,27136.79
2023-05-18 05:00:00,27312.5,27084.475000000002
2023-05-18 06:00:00,27337.6,27091.99
2023-05-18 07:00:00,27357.3,27085.420000000002
2023-05-18 08:00:00,27292.2,26995.9
2023-05-18 09:00:00,27211.3,26897.49
2023-05-18 10:00:00,27196.5,26865.63
2023-05-18 11:00:00,27375.1,27006.8
2023-05-18 12:00:00,27372.8,26968.85
2023-05-18 13:00:00,27392.6,26949.954999999998
2023-05-18 14:00:00,27337.2,26866.205
2023-05-18 15:00:00,27391.9,26890.710000000006
2023-05-18 16:00:00,27224.6,26706.77
2023-05-18 17:00:00,27246.4,26720.100000000002
2023-05-18 18:00:00,27236.0,26701.985000000004
2023-05-18 19:00:00,27075.2,26556.28
2023-05-18 20:00:00,27060.1,26554.690000000002
2023-05-18 21:00:00,26475.2,26013.875
2023-05-18 22:00:00,26600.5,26175.255
2023-05-18 23:00:00,26719.3,26327.879999999997
2023-05-19 00:00:00,26708.7,26349.25
2023-05-19 01:00:00,26901.4,26562.505
2023-05-19 02:00:00,26879.6,26563.605
2023-05-19 03:00:00,26809.3,26520.704999999998
2023-05-19 04:00:00,26871.1,26603.559999999998
2023-05-19 05:00:00,26798.9,26551.98
2023-05-19 06:00:00,26792.5,26565.78
2023-05-19 07:00:00,26825.0,26625.785000000003
2023-05-19 08:00:00,26863.6,26689.845
2023-05-19 09:00:00,26864.1,26716.77
2023-05-19 10:00:00,26891.0,26765.98
2023-05-19 11:00:00,26841.9,26744.38
2023-05-19 12:00:00,26874.1,26794.105
2023-05-19 13:00:00,26831.2,26771.965000000004
2023-05-19 14:00:00,26810.9,26772.920000000002
2023-05-19 15:00:00,26843.8,26817.390000000003
2023-05-19 16:00:00,26897.2,26878.934999999998
2023-05-19 17:00:00,26852.9,26815.750000000004
2023-05-19 18:00:00,26826.1,26777.670000000002
2023-05-19 19:00:00,26869.9,26813.940000000006
2023-05-19 20:00:00,26822.4,26760.755
2023-05-19 21:00:00,26904.4,26842.605
2023-05-19 22:00:00,26876.6,26814.954999999998
2023-05-19 23:00:00,26826.4,26763.9
2023-05-20 00:00:00,26819.8,26759.864999999998
2023-05-20 01:00:00,26897.1,26832.254999999997
2023-05-20 02:00:00,26861.6,26793.3
2023-05-20 03:00:00,26870.1,26799.545000000002
2023-05-20 04:00:00,26834.6,26765.495
2023-05-20 05:00:00,26849.9,26781.505
2023-05-20 06:00:00,26826.4,26761.235000000004
2023-05-20 07:00:00,26849.2,26783.670000000002
2023-05-20 08:00:00,26862.0,26797.075
2023-05-20 09:00:00,26853.7,26787.65
2023-05-20 10:00:00,26840.6,26773.065000000002
2023-05-20 11:00:00,26841.8,26774.364999999998
2023-05-20 12:00:00,26894.5,26827.2
2023-05-20 13:00:00,26871.8,26803.555
2023-05-20 14:00:00,26876.0,26805.26
2023-05-20 15:00:00,26868.6,26797.925
2023-05-20 16:00:00,26882.9,26809.2
2023-05-20 17:00:00,26878.9,26806.475000000002
2023-05-20 18:00:00,26905.9,26832.01
2023-05-20 19:00:00,26936.0,26856.63
2023-05-20 20:00:00,26906.4,26822.7
2023-05-20 21:00:00,27130.0,27034.655
2023-05-20 22:00:00,27019.0,26915.785
2023-05-20 23:00:00,27054.3,26941.875
2023-05-21 00:00:00,27002.2,26881.395000000004
2023-05-21 01:00:00,27023.8,26894.3
2023-05-21 02:00:00,27054.9,26913.975000000002
2023-05-21 03:00:00,27089.5,26936.559999999998
2023-05-21 04:00:00,27228.9,27057.615000000005
2023-05-21 05:00:00,27149.2,26963.140000000003
2023-05-21 06:00:00,27158.7,26956.735
2023-05-21 07:00:00,27166.5,26948.3
2023-05-21 08:00:00,27115.4,26886.155000000002
2023-05-21 09:00:00,27086.8,26846.805
2023-05-21 10:00:00,27071.7,26821.920000000002
2023-05-21 11:00:00,27044.5,26785.925
2023-05-21 12:00:00,27035.8,26769.579999999998
2023-05-21 13:00:00,27068.2,26792.515000000003
2023-05-21 14:00:00,26946.7,26668.975000000002
2023-05-21 15:00:00,26818.1,26546.27
2023-05-21 16:00:00,26917.2,26644.83
2023-05-21 17:00:00,26880.2,26620.320000000003
2023-05-21 18:00:00,26887.9,26634.575
2023-05-21 19:00:00,26885.0,26640.139999999996
2023-05-21 20:00:00,26874.0,26635.55
2023-05-21 21:00:00,26857.7,26627.555
2023-05-21 22:00:00,26860.0,26639.600000000002
2023-05-21 23:00:00,26889.2,26678.815000000002
2023-05-22 00:00:00,26828.7,26638.325
2023-05-22 01:00:00,26735.3,26565.620000000003
2023-05-22 02:00:00,26740.0,26591.255
2023-05-22 03:00:00,26732.8,26605.739999999998
2023-05-22 04:00:00,26641.8,26538.420000000002
2023-05-22 05:00:00,26573.1,26495.405
2023-05-22 06:00:00,26640.7,26584.555
2023-05-22 07:00:00,26637.7,26601.895000000004
2023-05-22 08:00:00,26680.6,26662.554999999997
2023-05-22 09:00:00,26743.0,26741.215000000004
2023-05-22 10:00:00,26809.7,26814.765000000003
2023-05-22 11:00:00,26830.7,26835.135
2023-05-22 12:00:00,26810.3,26820.079999999998
2023-05-22 13:00:00,26848.5,26859.865
2023-05-22 14:00:00,26820.9,26835.614999999998
2023-05-22 15:00:00,26819.9,26837.870000000003
2023-05-22 16:00:00,26718.0,26743.77
2023-05-22 17:00:00,26995.3,27014.190000000002
2023-05-22 18:00:00,26945.8,26960.4
2023-05-22 19:00:00,26863.2,26879.100000000002
2023-05-22 20:00:00,26862.5,26876.710000000003
2023-05-22 21:00:00,26842.7,26851.540000000005
2023-05-22 22:00:00,26873.6,26875.76
2023-05-22 23:00:00,26857.0,26852.95
2023-05-23 00:00:00,26879.7,26863.755
2023-05-23 01:00:00,26892.8,26860.870000000003
2023-05-23 02:00:00,26857.5,26814.73
2023-05-23 03:00:00,26840.2,26787.305
2023-05-23 04:00:00,26815.5,26755.860000000004
2023-05-23 05:00:00,26982.2,26910.600000000002
2023-05-23 06:00:00,27119.3,27032.22
2023-05-23 07:00:00,27354.6,27241.325
2023-05-23 08:00:00,27372.7,27231.305
2023-05-23 09:00:00,27375.0,27207.28
2023-05-23 10:00:00,27284.4,27093.505
2023-05-23 11:00:00,27295.8,27081.110000000004
2023-05-23 12:00:00,27322.9,27077.965000000004
2023-05-23 13:00:00,27262.0,27003.73
2023-05-23 14:00:00,27323.0,27045.870000000003
2023-05-23 15:00:00,27326.9,27026.585
2023-05-23 16:00:00,27271.8,26951.02
2023-05-23 17:00:00,27229.8,26889.665
2023-05-23 18:00:00,27310.8,26948.805
2023-05-23 19:00:00,27310.7,26926.020000000004
2023-05-23 20:00:00,27219.3,26817.640000000003
2023-05-23 21:00:00,27193.1,26776.425
2023-05-23 22:00:00,27130.3,26699.984999999997
2023-05-23 23:00:00,27171.6,26724.715
2023-05-24 00:00:00,27206.1,26739.684999999998
2023-05-24 01:00:00,27187.3,26710.629999999997
2023-05-24 02:00:00,27189.1,26708.940000000002
2023-05-24 03:00:00,27209.9,26736.975000000002
2023-05-24 04:00:00,27145.8,26684.22
2023-05-24 05:00:00,27125.6,26676.49
2023-05-24 06:00:00,27153.2,26710.65
2023-05-24 07:00:00,26770.0,26353.74
2023-05-24 08:00:00,26791.3,26401.620000000003
2023-05-24 09:00:00,26762.3,26397.605000000003
2023-05-24 10:00:00,26699.9,26366.360000000004
2023-05-24 11:00:00,26664.2,26363.795000000002
2023-05-24 12:00:00,26737.7,26464.0
2023-05-24 13:00:00,26736.4,26487.370000000003
2023-05-24 14:00:00,26715.3,26496.045000000002
2023-05-24 15:00:00,26731.7,26541.395000000004
2023-05-24 16:00:00,26681.2,26517.800000000003
2023-05-24 17:00:00,26432.0,26306.655
2023-05-24 18:00:00,26247.6,26166.389999999996
2023-05-24 19:00:00,26306.9,26268.925000000003
2023-05-24 20:00:00,26230.0,26240.829999999998
2023-05-24 21:00:00,26270.7,26327.36
2023-05-24 22:00:00,26207.6,26313.335000000003
2023-05-24 23:00:00,26241.6,26395.75
2023-05-25 00:00:00,26391.0,26582.889999999996
2023-05-25 01:00:00,26356.2,26586.559999999998
2023-05-25 02:00:00,26337.2,26608.360000000004
2023-05-25 03:00:00,26313.8,26607.77
2023-05-25 04:00:00,26228.3,26550.420000000002
2023-05-25 05:00:00,26115.7,26470.15
2023-05-25 06:00:00,26114.3,26498.03
2023-05-25 07:00:00,26171.0,26579.389999999996
2023-05-25 08:00:00,26212.9,26647.530000000002
2023-05-25 09:00:00,26251.1,26709.995
2023-05-25 10:00:00,26253.2,26735.2
2023-05-25 11:00:00,26118.9,26631.540000000005
2023-05-25 12:00:00,26211.8,26747.910000000003
2023-05-25 13:00:00,26271.4,26815.540000000005
2023-05-25 14:00:00,26238.0,26782.620000000003
2023-05-25 15:00:00,26282.5,26828.340000000004
2023-05-25 16:00:00,26392.0,26929.74
2023-05-25 17:00:00,26327.0,26861.925
2023-05-25 18:00:00,26357.9,26885.31
2023-05-25 19:00:00,26216.9,26745.545000000002
2023-05-25 20:00:00,26262.6,26797.664999999997
2023-05-25 21:00:00,26342.6,26878.345
2023-05-25 22:00:00,26367.9,26902.11
2023-05-25 23:00:00,26457.9,26984.905000000002
2023-05-26 00:00:00,26475.9,26990.525
2023-05-26 01:00:00,26465.9,26963.015000000003
2023-05-26 02:00:00,26445.5,26926.055
2023-05-26 03:00:00,26461.8,26927.814999999995
2023-05-26 04:00:00,26461.0,26914.609999999997
2023-05-26 05:00:00,26403.6,26849.584999999995
2023-05-26 06:00:00,26392.3,26831.329999999998
2023-05-26 07:00:00,26425.7,26849.390000000003
2023-05-26 08:00:00,26420.0,26833.28
2023-05-26 09:00:00,26340.0,26749.850000000002
2023-05-26 10:00:00,26424.1,26824.645
2023-05-26 11:00:00,26491.3,26881.405
2023-05-26 12:00:00,26461.6,26848.225
2023-05-26 13:00:00,26437.9,26818.98
2023-05-26 14:00:00,26443.2,26820.015000000003
2023-05-26 15:00:00,26451.9,26816.965000000004
2023-05-26 16:00:00,26430.7,26787.36
2023-05-26 17:00:00,26529.9,26877.194999999996
2023-05-26 18:00:00,26746.6,27074.959999999995
2023-05-26 19:00:00,26737.5,27051.88
2023-05-26 20:00:00,26778.1,27077.37
2023-05-26 21:00:00,26707.1,26994.309999999998
2023-05-26 22:00:00,26717.6,26991.204999999998
2023-05-26 23:00:00,26755.2,27014.135
2023-05-27 00:00:00,26735.5,26980.71
2023-05-27 01:00:00,26711.4,26941.220000000005
2023-05-27 02:00:00,26670.0,26885.935000000005
2023-05-27 03:00:00,26689.9,26892.625000000004
2023-05-27 04:00:00,26644.0,26835.525
2023-05-27 05:00:00,26705.8,26879.035000000003
2023-05-27 06:00:00,26734.9,26892.595000000005
2023-05-27 07:00:00,26739.5,26884.785
2023-05-27 08:00:00,26746.6,26877.635
2023-05-27 09:00:00,26714.9,26832.085
2023-05-27 10:00:00,26736.2,26838.735
2023-05-27 11:00:00,26715.3,26804.665
2023-05-27 12:00:00,26677.1,26754.145
2023-05-27 13:00:00,26686.5,26755.715000000004
2023-05-27 14:00:00,26669.5,26742.570000000003
2023-05-27 15:00:00,26687.7,26763.26
2023-05-27 16:00:00,26700.0,26779.465000000004
2023-05-27 17:00:00,26617.8,26701.73
2023-05-27 18:00:00,26658.8,26745.670000000002
2023-05-27 19:00:00,26682.1,26772.625
2023-05-27 20:00:00,26654.1,26748.695
2023-05-27 21:00:00,26750.0,26842.665000000005
2023-05-27 22:00:00,26689.6,26781.284999999996
2023-05-27 23:00:00,26721.6,26811.7
2023-05-28 00:00:00,26744.0,26829.100000000002
2023-05-28 01:00:00,26759.4,26841.820000000003
2023-05-28 02:00:00,26790.7,26870.33
2023-05-28 03:00:00,26841.6,26916.125
2023-05-28 04:00:00,27063.3,27121.99
2023-05-28 05:00:00,27080.1,27120.53
2023-05-28 06:00:00,27089.4,27112.170000000002
2023-05-28 07:00:00,27174.4,27174.215
2023-05-28 08:00:00,27157.0,27132.820000000003
2023-05-28 09:00:00,27154.3,27106.73
2023-05-28 10:00:00,27175.6,27102.725
2023-05-28 11:00:00,27218.9,27119.465000000004
2023-05-28 12:00:00,27188.7,27064.83
2023-05-28 13:00:00,27148.2,26997.810000000005
2023-05-28 14:00:00,27203.9,27026.255
2023-05-28 15:00:00,27146.0,26945.16
2023-05-28 16:00:00,27132.9,26908.120000000003
2023-05-28 17:00:00,27173.2,26927.260000000006
2023-05-28 18:00:00,27178.2,26907.83
2023-05-28 19:00:00,27264.1,26966.605
2023-05-28 20:00:00,27242.9,26920.46
2023-05-28 21:00:00,27338.1,26986.725
2023-05-28 22:00:00,27577.4,27186.690000000006
2023-05-28 23:00:00,27518.4,27093.850000000002
2023-05-29 00:00:00,27546.1,27097.409999999996
2023-05-29 01:00:00,27828.5,27342.390000000003
2023-05-29 02:00:00,28079.4,27543.789999999997
2023-05-29 03:00:00,28055.7,27476.025
2023-05-29 04:00:00,28188.6,27557.345
2023-05-29 05:00:00,28160.0,27478.46
2023-05-29 06:00:00,28085.4,27358.370000000003
2023-05-29 07:00:00,27947.9,27184.420000000002
2023-05-29 08:00:00,27944.7,27143.420000000002
2023-05-29 09:00:00,27983.3,27140.264999999996
2023-05-29 10:00:00,28000.0,27117.16
2023-05-29 11:00:00,27895.0,26974.71
2023-05-29 12:00:00,27892.6,26934.325
2023-05-29 13:00:00,27932.6,26936.355
2023-05-29 14:00:00,27852.9,26822.920000000002
2023-05-29 15:00:00,27908.1,26845.920000000002
2023-05-29 16:00:00,27871.0,26777.415000000005
2023-05-29 17:00:00,27892.8,26771.48
2023-05-29 18:00:00,27782.0,26650.45
2023-05-29 19:00:00,27622.1,26485.365
2023-05-29 20:00:00,27593.6,26454.49
2023-05-29 21:00:00,27682.0,26550.215000000004
2023-05-29 22:00:00,27630.0,26520.685000000005
2023-05-29 23:00:00,27624.0,26536.27
2023-05-30 00:00:00,27670.1,26608.295000000002
2023-05-30 01:00:00,27653.4,26616.925000000003
2023-05-30 02:00:00,27678.7,26662.559999999998
2023-05-30 03:00:00,27722.0,26717.155
2023-05-30 04:00:00,27701.3,26708.625
2023-05-30 05:00:00,27756.3,26774.975
2023-05-30 06:00:00,27770.0,26800.175
2023-05-30 07:00:00,27815.0,26849.175
2023-05-30 08:00:00,27767.0,26807.454999999998
2023-05-30 09:00:00,27741.7,26791.7
2023-05-30 10:00:00,27785.0,26838.395
2023-05-30 11:00:00,27721.0,26783.75
2023-05-30 12:00:00,27769.9,26837.705
2023-05-30 13:00:00,27840.0,26910.445000000003
2023-05-30 14:00:00,27887.0,26952.195000000003
2023-05-30 15:00:00,28005.9,27051.905000000002
2023-05-30 16:00:00,27887.1,26918.429999999997
2023-05-30 17:00:00,27788.0,26814.03
2023-05-30 18:00:00,27609.5,26636.555
2023-05-30 19:00:00,27665.0,26690.005
2023-05-30 20:00:00,27696.9,26720.565
2023-05-30 21:00:00,27684.3,26706.420000000002
2023-05-30 22:00:00,27750.3,26768.840000000004
2023-05-30 23:00:00,27836.4,26849.220000000005
2023-05-31 00:00:00,27745.7,26756.300000000003
2023-05-31 01:00:00,27710.1,26723.010000000002
2023-05-31 02:00:00,27723.8,26739.02
2023-05-31 03:00:00,27680.1,26702.065000000002
2023-05-31 04:00:00,27745.1,26768.160000000003
2023-05-31 05:00:00,27726.7,26750.51
2023-05-31 06:00:00,27663.3,26693.195
2023-05-31 07:00:00,27646.5,26680.120000000003
2023-05-31 08:00:00,27243.5,26303.440000000002
2023-05-31 09:00:00,27080.5,26178.415000000005
2023-05-31 10:00:00,27150.0,26284.765000000003
2023-05-31 11:00:00,27150.4,26327.940000000006
2023-05-31 12:00:00,27126.1,26341.690000000002
2023-05-31 13:00:00,27120.1,26369.084999999995
2023-05-31 14:00:00,27048.4,26325.440000000006
2023-05-31 15:00:00,27087.9,26393.795000000002
2023-05-31 16:00:00,27064.2,26401.73
2023-05-31 17:00:00,27104.0,26470.545000000002
2023-05-31 18:00:00,27023.0,26425.91
2023-05-31 19:00:00,26900.1,26349.825
2023-05-31 20:00:00,26928.7,26419.275
2023-05-31 21:00:00,27044.3,26568.165
2023-05-31 22:00:00,27027.7,26586.370000000003
2023-05-31 23:00:00,26999.5,26592.2
2023-06-01 00:00:00,27096.9,26722.01
2023-06-01 01:00:00,27081.9,26739.250000000004
2023-06-01 02:00:00,27170.0,26852.015000000003
2023-06-01 03:00:00,27201.1,26905.385
2023-06-01 04:00:00,27059.8,26773.27
2023-06-01 05:00:00,27065.5,26779.72
2023-06-01 06:00:00,26705.1,26441.565000000002
2023-06-01 07:00:00,26768.6,26524.155
2023-06-01 08:00:00,26797.2,26569.2
2023-06-01 09:00:00,26842.9,26628.76
2023-06-01 10:00:00,26777.6,26577.0
2023-06-01 11:00:00,26790.2,26604.485000000004
2023-06-01 12:00:00,26902.9,26725.250000000004
2023-06-01 13:00:00,26896.9,26729.605
2023-06-01 14:00:00,26845.0,26686.605
2023-06-01 15:00:00,26881.7,26724.225000000002
2023-06-01 16:00:00,26929.9,26772.364999999998
2023-06-01 17:00:00,26881.7,26732.295000000002
2023-06-01 18:00:00,26887.8,26745.389999999996
2023-06-01 19:00:00,26884.2,26747.555
2023-06-01 20:00:00,27080.9,26945.055
2023-06-01 21:00:00,26947.9,26818.755
2023-06-01 22:00:00,26960.5,26841.829999999998
2023-06-01 23:00:00,26851.6,26750.405
2023-06-02 00:00:00,26850.4,26759.675000000003
2023-06-02 01:00:00,26881.4,26799.88
2023-06-02 02:00:00,26869.5,26779.76
2023-06-02 03:00:00,26805.3,26713.725
2023-06-02 04:00:00,26779.9,26689.190000000006
2023-06-02 05:00:00,26805.7,26716.850000000002
2023-06-02 06:00:00,26950.8,26853.29
2023-06-02 07:00:00,26985.1,26877.845
2023-06-02 08:00:00,27051.7,26937.005
2023-06-02 09:00:00,27140.3,27013.434999999998
2023-06-02 10:00:00,27061.0,26923.335
2023-06-02 11:00:00,27038.3,26892.805
2023-06-02 12:00:00,27159.9,27002.905000000002
2023-06-02 13:00:00,27074.6,26907.959999999995
2023-06-02 14:00:00,27090.0,26913.25
2023-06-02 15:00:00,27118.5,26930.035
2023-06-02 16:00:00,27084.6,26895.95
2023-06-02 17:00:00,26896.4,26710.325
2023-06-02 18:00:00,26952.0,26766.350000000002
2023-06-02 19:00:00,27081.3,26884.165
2023-06-02 20:00:00,27047.6,26840.605
2023-06-02 21:00:00,27045.1,26829.920000000002
2023-06-02 22:00:00,27183.2,26952.335
2023-06-02 23:00:00,27231.6,26979.420000000002
2023-06-03 00:00:00,27159.3,26888.15
2023-06-03 01:00:00,27190.0,26899.635000000006
2023-06-03 02:00:00,27253.6,26948.095
2023-06-03 03:00:00,27227.8,26910.159999999996
2023-06-03 04:00:00,27156.9,26834.000000000004
2023-06-03 05:00:00,27123.0,26800.965000000004
2023-06-03 06:00:00,27138.5,26812.590000000004
2023-06-03 07:00:00,27130.9,26800.36
2023-06-03 08:00:00,27151.1,26821.0
2023-06-03 09:00:00,27149.0,26815.18
2023-06-03 10:00:00,27169.4,26831.61
2023-06-03 11:00:00,27161.3,26821.370000000003
2023-06-03 12:00:00,27134.3,26791.885000000002
2023-06-03 13:00:00,27144.3,26789.489999999998
2023-06-03 14:00:00,27127.1,26763.534999999996
2023-06-03 15:00:00,27121.0,26755.45
2023-06-03 16:00:00,27152.9,26782.085
2023-06-03 17:00:00,27157.1,26780.684999999998
2023-06-03 18:00:00,27158.1,26782.940000000002
2023-06-03 19:00:00,27292.7,26914.485000000004
2023-06-03 20:00:00,27239.5,26857.275
2023-06-03 21:00:00,27147.6,26767.495
2023-06-03 22:00:00,27138.8,26764.434999999998
2023-06-03 23:00:00,27084.9,26717.68
2023-06-04 00:00:00,27052.7,26690.690000000002
2023-06-04 01:00:00,26990.0,26634.640000000003
2023-06-04 02:00:00,27060.4,26708.945000000003
2023-06-04 03:00:00,27054.9,26707.245000000003
2023-06-04 04:00:00,26999.9,26659.805
2023-06-04 05:00:00,27029.2,26695.095
2023-06-04 06:00:00,27080.7,26751.03
2023-06-04 07:00:00,27048.4,26724.375000000004
2023-06-04 08:00:00,27045.8,26726.2
2023-06-04 09:00:00,27032.6,26718.584999999995
2023-06-04 10:00:00,27119.1,26805.484999999997
2023-06-04 11:00:00,27141.0,26826.385
2023-06-04 12:00:00,27144.9,26830.685
2023-06-04 13:00:00,27206.0,26889.339999999997
2023-06-04 14:00:00,27209.5,26890.27
2023-06-04 15:00:00,27190.9,26876.76
2023-06-04 16:00:00,27199.5,26887.359999999997
2023-06-04 17:00:00,27231.3,26914.975
2023-06-04 18:00:00,27222.1,26901.609999999997
2023-06-04 19:00:00,27166.9,26842.31
2023-06-04 20:00:00,27163.4,26833.275
2023-06-04 21:00:00,27169.3,26830.21
2023-06-04 22:00:00,27189.0,26843.48
2023-06-04 23:00:00,27205.0,26851.975000000002
2023-06-05 00:00:00,27233.2,26868.510000000006
2023-06-05 01:00:00,27185.3,26812.805
2023-06-05 02:00:00,27221.1,26841.584999999995
2023-06-05 03:00:00,27102.4,26720.185
2023-06-05 04:00:00,27018.7,26637.840000000004
2023-06-05 05:00:00,27038.2,26657.059999999998
2023-06-05 06:00:00,26918.8,26547.675
2023-06-05 07:00:00,26835.9,26480.030000000002
2023-06-05 08:00:00,26832.0,26491.775
2023-06-05 09:00:00,26808.0,26487.675
2023-06-05 10:00:00,26758.5,26460.725000000002
2023-06-05 11:00:00,26819.2,26540.01
2023-06-05 12:00:00,26790.3,26531.57
2023-06-05 13:00:00,26767.5,26531.96
2023-06-05 14:00:00,26700.8,26491.325
2023-06-05 15:00:00,26760.1,26570.965
2023-06-05 16:00:00,26684.8,26519.595
2023-06-05 17:00:00,26714.8,26572.32
2023-06-05 18:00:00,26789.9,26667.375000000004
2023-06-05 19:00:00,25991.9,25930.030000000002
2023-06-05 20:00:00,25796.8,25806.75
2023-06-05 21:00:00,25742.2,25824.305
2023-06-05 22:00:00,25556.0,25721.359999999997
2023-06-05 23:00:00,25618.5,25858.055
2023-06-06 00:00:00,25620.6,25930.059999999998
2023-06-06 01:00:00,25641.2,26020.510000000006
2023-06-06 02:00:00,25695.9,26136.355
2023-06-06 03:00:00,25714.7,26211.214999999997
2023-06-06 04:00:00,25679.2,26233.355
2023-06-06 05:00:00,25629.6,26242.675
2023-06-06 06:00:00,25752.8,26416.159999999996
2023-06-06 07:00:00,25719.8,26438.129999999997
2023-06-06 08:00:00,25785.0,26553.594999999998
2023-06-06 09:00:00,25755.4,26574.600000000002
2023-06-06 10:00:00,25752.6,26619.21
2023-06-06 11:00:00,25706.4,26625.695000000003
2023-06-06 12:00:00,25688.3,26657.42
2023-06-06 13:00:00,25740.4,26758.24
2023-06-06 14:00:00,25730.0,26800.835000000003
2023-06-06 15:00:00,25676.0,26762.63
2023-06-06 16:00:00,25524.4,26624.65
2023-06-06 17:00:00,25720.0,26821.36
2023-06-06 18:00:00,26014.2,27092.65
2023-06-06 19:00:00,26051.2,27108.015000000003
2023-06-06 20:00:00,26360.9,27380.7
2023-06-06 21:00:00,26659.8,27628.670000000002
2023-06-06 22:00:00,26687.2,27606.505
2023-06-06 23:00:00,27073.2,27924.58
2023-06-07 00:00:00,26939.0,27727.39
2023-06-07 01:00:00,27053.9,27771.075
2023-06-07 02:00:00,27138.7,27786.58
2023-06-07 03:00:00,27221.5,27794.295000000002
2023-06-07 04:00:00,27170.2,27673.735
2023-06-07 05:00:00,27084.3,27521.389999999996
2023-06-07 06:00:00,26930.2,27308.41
2023-06-07 07:00:00,26897.0,27215.68
2023-06-07 08:00:00,26917.3,27174.53
2023-06-07 09:00:00,26901.9,27101.055
2023-06-07 10:00:00,26819.5,26964.18
2023-06-07 11:00:00,26786.7,26875.845
2023-06-07 12:00:00,26810.1,26834.959999999995
2023-06-07 13:00:00,26476.5,26463.535
2023-06-07 14:00:00,26582.9,26541.500000000004
2023-06-07 15:00:00,26888.3,26805.044999999995
2023-06-07 16:00:00,26793.0,26688.140000000003
2023-06-07 17:00:00,26806.2,26694.020000000004
2023-06-07 18:00:00,26430.1,26330.774999999998
2023-06-07 19:00:00,26333.9,26271.540000000005
2023-06-07 20:00:00,26313.5,26282.415000000005
2023-06-07 21:00:00,26495.4,26492.240000000005
2023-06-07 22:00:00,26460.0,26490.775
2023-06-07 23:00:00,26469.2,26537.589999999997
2023-06-08 00:00:00,26351.1,26460.445
2023-06-08 01:00:00,26141.9,26298.364999999998
2023-06-08 02:00:00,26264.3,26454.059999999998
2023-06-08 03:00:00,26325.9,26544.215
2023-06-08 04:00:00,26375.7,26621.095
2023-06-08 05:00:00,26431.2,26700.13
2023-06-08 06:00:00,26374.4,26665.585
2023-06-08 07:00:00,26332.0,26645.920000000002
2023-06-08 08:00:00,26389.7,26724.64
2023-06-08 09:00:00,26365.4,26705.895000000004
2023-06-08 10:00:00,26413.4,26762.370000000003
2023-06-08 11:00:00,26431.5,26803.309999999998
2023-06-08 12:00:00,26428.0,26818.059999999998
2023-06-08 13:00:00,26373.6,26785.29
2023-06-08 14:00:00,26474.5,26883.97
2023-06-08 15:00:00,26421.4,26826.495000000003
2023-06-08 16:00:00,26447.7,26846.085
2023-06-08 17:00:00,26389.9,26793.56
2023-06-08 18:00:00,26635.8,27030.669999999995
2023-06-08 19:00:00,26705.9,27088.935
2023-06-08 20:00:00,26488.0,26864.190000000002
2023-06-08 21:00:00,26475.2,26834.725000000002
2023-06-08 22:00:00,26535.9,26881.844999999998
2023-06-08 23:00:00,26526.3,26862.225
2023-06-09 00:00:00,26626.0,26949.41
2023-06-09 01:00:00,26560.3,26877.254999999997
2023-06-09 02:00:00,26534.4,26843.355
2023-06-09 03:00:00,26485.9,26787.16
2023-06-09 04:00:00,26445.8,26744.254999999997
2023-06-09 05:00:00,26490.0,26782.225000000002
2023-06-09 06:00:00,26448.0,26738.495000000003
2023-06-09 07:00:00,26469.5,26758.095
2023-06-09 08:00:00,26479.0,26765.045000000002
2023-06-09 09:00:00,26496.0,26775.925
2023-06-09 10:00:00,26482.1,26761.645
2023-06-09 11:00:00,26482.7,26759.18
2023-06-09 12:00:00,26632.5,26899.739999999998
2023-06-09 13:00:00,26626.5,26881.91
2023-06-09 14:00:00,26623.9,26879.905000000002
2023-06-09 15:00:00,26599.8,26861.110000000004
2023-06-09 16:00:00,26662.3,26914.895
2023-06-09 17:00:00,26619.0,26864.405
2023-06-09 18:00:00,26580.3,26823.484999999997
2023-06-09 19:00:00,26465.1,26711.345
2023-06-09 20:00:00,26475.0,26728.795000000002
2023-06-09 21:00:00,26489.3,26746.645
2023-06-09 22:00:00,26443.5,26705.390000000003
2023-06-09 23:00:00,26400.0,26666.185000000005
2023-06-10 00:00:00,26442.9,26709.23
2023-06-10 01:00:00,26463.1,26730.774999999998
2023-06-10 02:00:00,26480.8,26746.835
2023-06-10 03:00:00,26468.1,26734.204999999998
2023-06-10 04:00:00,26451.0,26718.505
2023-06-10 05:00:00,26383.4,26656.535
2023-06-10 06:00:00,26310.9,26592.595000000005
2023-06-10 07:00:00,26312.6,26602.8
2023-06-10 08:00:00,25753.6,26087.745
2023-06-10 09:00:00,25504.6,25894.84
2023-06-10 10:00:00,25525.9,25971.040000000005
2023-06-10 11:00:00,25637.2,26130.47
2023-06-10 12:00:00,25660.2,26203.575
2023-06-10 13:00:00,25642.5,26234.7
2023-06-10 14:00:00,25686.8,26323.675
2023-06-10 15:00:00,25718.7,26392.895000000004
2023-06-10 16:00:00,25601.9,26319.750000000004
2023-06-10 17:00:00,25644.9,26404.970000000005
2023-06-10 18:00:00,25657.1,26456.489999999998
2023-06-10 19:00:00,25620.0,26458.39
2023-06-10 20:00:00,25580.5,26462.01
2023-06-10 21:00:00,26010.0,26914.165
2023-06-10 22:00:00,25529.2,26480.945000000003
2023-06-10 23:00:00,25738.2,26726.440000000002
2023-06-11 00:00:00,25740.7,26764.455
2023-06-11 01:00:00,25751.1,26806.47
2023-06-11 02:00:00,25863.2,26940.955
2023-06-11 03:00:00,25826.6,26928.655
2023-06-11 04:00:00,25739.3,26842.07
2023-06-11 05:00:00,25814.5,26901.775
2023-06-11 06:00:00,25756.0,26831.77
2023-06-11 07:00:00,25714.7,26786.595
2023-06-11 08:00:00,25718.4,26787.385000000002
2023-06-11 09:00:00,25805.8,26866.620000000003
2023-06-11 10:00:00,25776.0,26832.36
2023-06-11 11:00:00,25728.0,26783.895
2023-06-11 12:00:00,25727.4,26777.020000000004
2023-06-11 13:00:00,25697.6,26744.585
2023-06-11 14:00:00,25763.2,26804.880000000005
2023-06-11 15:00:00,25784.9,26818.335000000003
2023-06-11 16:00:00,25740.2,26765.65
2023-06-11 17:00:00,25693.2,26734.490000000005
2023-06-11 18:00:00,25748.3,26778.635
2023-06-11 19:00:00,25741.2,26771.385
2023-06-11 20:00:00,25859.9,26884.125000000004
2023-06-11 21:00:00,25932.6,26947.75
2023-06-11 22:00:00,25966.3,26976.295
2023-06-11 23:00:00,26021.0,27021.275
2023-06-12 00:00:00,26110.8,27092.5
2023-06-12 01:00:00,26034.0,27004.725000000002
2023-06-12 02:00:00,25883.8,26848.135000000002
2023-06-12 03:00:00,25909.9,26864.475000000002
2023-06-12 04:00:00,25955.3,26898.03
2023-06-12 05:00:00,25925.1,26861.864999999998
2023-06-12 06:00:00,25762.4,26699.845
2023-06-12 07:00:00,25779.6,26714.465
2023-06-12 08:00:00,25804.7,26735.7
2023-06-12 09:00:00,25757.5,26685.505
2023-06-12 10:00:00,25832.1,26756.66
2023-06-12 11:00:00,25793.3,26717.44
2023-06-12 12:00:00,25927.1,26841.895
2023-06-12 13:00:00,25952.0,26853.855
2023-06-12 14:00:00,25950.9,26842.625000000004
2023-06-12 15:00:00,25975.7,26855.7
2023-06-12 16:00:00,25920.1,26797.09
2023-06-12 17:00:00,25790.5,26674.595
2023-06-12 18:00:00,25837.4,26727.940000000006
2023-06-12 19:00:00,25809.3,26710.425
2023-06-12 20:00:00,25814.1,26730.06
2023-06-12 21:00:00,25797.5,26725.285
2023-06-12 22:00:00,25838.0,26768.075
2023-06-12 23:00:00,25816.8,26751.530000000002
2023-06-13 00:00:00,25886.0,26824.195000000003
2023-06-13 01:00:00,25918.6,26857.12
2023-06-13 02:00:00,25921.4,26851.970000000005
2023-06-13 03:00:00,25894.8,26819.61
2023-06-13 04:00:00,25858.4,26780.525
2023-06-13 05:00:00,25955.7,26867.915
2023-06-13 06:00:00,26115.4,27013.45
2023-06-13 07:00:00,26054.6,26939.585
2023-06-13 08:00:00,26042.9,26922.095000000005
2023-06-13 09:00:00,26065.8,26939.305
2023-06-13 10:00:00,26068.3,26935.935
2023-06-13 11:00:00,26060.2,26923.61
2023-06-13 12:00:00,26167.8,27018.825
2023-06-13 13:00:00,26138.1,26971.745
2023-06-13 14:00:00,26144.5,26962.79
2023-06-13 15:00:00,26178.1,26977.95
2023-06-13 16:00:00,26070.6,26857.625
2023-06-13 17:00:00,26025.4,26801.030000000002
2023-06-13 18:00:00,25975.7,26744.445000000003
2023-06-13 19:00:00,25750.9,26522.940000000002
2023-06-13 20:00:00,25850.9,26624.695
2023-06-13 21:00:00,25812.1,26591.22
2023-06-13 22:00:00,25875.2,26656.63
2023-06-13 23:00:00,25891.2,26672.809999999998
2023-06-14 00:00:00,25835.9,26618.635000000002
2023-06-14 01:00:00,25833.2,26622.06
2023-06-14 02:00:00,25829.0,26632.18
2023-06-14 03:00:00,25918.0,26728.010000000002
2023-06-14 04:00:00,25978.2,26791.445
2023-06-14 05:00:00,26034.9,26849.690000000006
2023-06-14 06:00:00,26015.0,26832.454999999998
2023-06-14 07:00:00,25970.7,26792.630000000005
2023-06-14 08:00:00,25965.5,26797.545000000002
2023-06-14 09:00:00,25833.2,26680.49
2023-06-14 10:00:00,25879.1,26739.659999999996
2023-06-14 11:00:00,25884.1,26759.36
2023-06-14 12:00:00,25916.3,26799.275
2023-06-14 13:00:00,25972.1,26857.74
2023-06-14 14:00:00,25945.1,26832.269999999997
2023-06-14 15:00:00,25967.2,26843.555
2023-06-14 16:00:00,26006.8,26875.36
2023-06-14 17:00:00,25981.5,26841.59
2023-06-14 18:00:00,25990.2,26844.54
2023-06-14 19:00:00,25976.4,26826.480000000003
2023-06-14 20:00:00,25955.8,26799.885000000002
2023-06-14 21:00:00,26017.9,26852.750000000004
2023-06-14 22:00:00,25905.1,26736.145
2023-06-14 23:00:00,25860.5,26694.420000000002
2023-06-15 00:00:00,24920.1,25806.925
2023-06-15 01:00:00,25104.8,26038.13
2023-06-15 02:00:00,25020.0,26003.079999999998
2023-06-15 03:00:00,25115.9,26141.72
2023-06-15 04:00:00,25193.5,26257.92
2023-06-15 05:00:00,25053.7,26157.095
2023-06-15 06:00:00,25071.8,26215.559999999998
2023-06-15 07:00:00,25054.8,26240.025
2023-06-15 08:00:00,25015.9,26246.145000000004
2023-06-15 09:00:00,25019.0,26296.9
2023-06-15 10:00:00,24917.5,26246.780000000002
2023-06-15 11:00:00,24974.6,26353.51
2023-06-15 12:00:00,24958.1,26389.445
2023-06-15 13:00:00,24936.0,26419.620000000003
2023-06-15 14:00:00,24911.5,26449.055000000004
2023-06-15 15:00:00,25007.0,26593.025
2023-06-15 16:00:00,24944.5,26581.09
2023-06-15 17:00:00,25045.0,26730.235
2023-06-15 18:00:00,25004.4,26734.670000000002
2023-06-15 19:00:00,24948.4,26724.275
2023-06-15 20:00:00,24991.1,26763.425
2023-06-15 21:00:00,25135.0,26905.815
2023-06-15 22:00:00,25383.3,27135.95
2023-06-15 23:00:00,25443.0,27179.295000000002
2023-06-16 00:00:00,25556.7,27274.835000000003
2023-06-16 01:00:00,25558.0,27250.92
2023-06-16 02:00:00,25615.5,27281.235
2023-06-16 03:00:00,25586.1,27225.27
2023-06-16 04:00:00,25482.7,27098.53
2023-06-16 05:00:00,25503.0,27094.63
2023-06-16 06:00:00,25538.3,27098.89
2023-06-16 07:00:00,25545.7,27077.735
2023-06-16 08:00:00,25515.0,27019.19
2023-06-16 09:00:00,25541.2,27015.13
2023-06-16 10:00:00,25564.4,27005.685
2023-06-16 11:00:00,25526.1,26941.429999999997
2023-06-16 12:00:00,25534.0,26919.855
2023-06-16 13:00:00,25581.6,26940.625
2023-06-16 14:00:00,25553.0,26884.595
2023-06-16 15:00:00,25462.8,26768.675
2023-06-16 16:00:00,25555.3,26832.965
2023-06-16 17:00:00,25482.4,26742.695000000003
2023-06-16 18:00:00,25602.2,26851.550000000003
2023-06-16 19:00:00,25832.4,27062.280000000002
2023-06-16 20:00:00,25950.2,27160.405000000002
2023-06-16 21:00:00,26304.6,27477.475
2023-06-16 22:00:00,26352.0,27488.05
2023-06-16 23:00:00,26371.2,27467.995
2023-06-17 00:00:00,26397.9,27448.935
2023-06-17 01:00:00,26290.0,27301.685
2023-06-17 02:00:00,26356.0,27326.8
2023-06-17 03:00:00,26336.0,27267.285
2023-06-17 04:00:00,26302.1,27194.03
2023-06-17 05:00:00,26189.4,27048.920000000002
2023-06-17 06:00:00,26263.6,27088.159999999996
2023-06-17 07:00:00,26253.4,27041.595000000005
2023-06-17 08:00:00,26348.0,27095.495000000003
2023-06-17 09:00:00,26679.4,27372.005
2023-06-17 10:00:00,26654.6,27292.125
2023-06-17 11:00:00,26587.6,27168.885
2023-06-17 12:00:00,26590.6,27120.12
2023-06-17 13:00:00,26582.0,27056.540000000005
2023-06-17 14:00:00,26579.4,27005.08
2023-06-17 15:00:00,26497.5,26889.925
2023-06-17 16:00:00,26511.3,26875.670000000002
2023-06-17 17:00:00,26540.0,26892.600000000002
2023-06-17 18:00:00,26485.6,26831.52
2023-06-17 19:00:00,26399.9,26744.385000000006
2023-06-17 20:00:00,26461.3,26802.615
2023-06-17 21:00:00,26411.1,26746.359999999997
2023-06-17 22:00:00,26509.7,26837.275
2023-06-17 23:00:00,26466.2,26787.265000000003
2023-06-18 00:00:00,26531.5,26841.095
2023-06-18 01:00:00,26510.1,26803.659999999996
2023-06-18 02:00:00,26555.5,26834.465000000004
2023-06-18 03:00:00,26508.9,26775.090000000004
2023-06-18 04:00:00,26444.5,26705.865
2023-06-18 05:00:00,26483.0,26754.184999999998
2023-06-18 06:00:00,26467.4,26747.945000000003
2023-06-18 07:00:00,26538.4,26821.405000000002
2023-06-18 08:00:00,26527.3,26813.47
2023-06-18 09:00:00,26524.3,26813.355
2023-06-18 10:00:00,26531.8,26823.235000000004
2023-06-18 11:00:00,26572.0,26859.710000000003
2023-06-18 12:00:00,26488.7,26777.540000000005
2023-06-18 13:00:00,26515.6,26805.659999999996
2023-06-18 14:00:00,26497.9,26787.345000000005
2023-06-18 15:00:00,26488.5,26773.515000000003
2023-06-18 16:00:00,26521.8,26803.79
2023-06-18 17:00:00,26477.0,26755.695000000003
2023-06-18 18:00:00,26541.4,26818.51
2023-06-18 19:00:00,26547.5,26820.545000000002
2023-06-18 20:00:00,26609.9,26879.025
2023-06-18 21:00:00,26619.8,26883.439999999995
2023-06-18 22:00:00,26611.2,26872.055
2023-06-18 23:00:00,26641.6,26895.82
2023-06-19 00:00:00,26461.8,26715.155
2023-06-19 01:00:00,26403.2,26660.545000000002
2023-06-19 02:00:00,26390.3,26651.5
2023-06-19 03:00:00,26329.7,26601.335
2023-06-19 04:00:00,26356.1,26636.295000000002
2023-06-19 05:00:00,26429.0,26713.960000000003
2023-06-19 06:00:00,26436.0,26725.75
2023-06-19 07:00:00,26393.5,26692.175
2023-06-19 08:00:00,26418.1,26720.304999999997
2023-06-19 09:00:00,26449.8,26755.295000000002
2023-06-19 10:00:00,26418.1,26727.585000000003
2023-06-19 11:00:00,26415.3,26728.445
2023-06-19 12:00:00,26406.1,26725.03
2023-06-19 13:00:00,26386.2,26709.670000000002
2023-06-19 14:00:00,26365.7,26697.955
2023-06-19 15:00:00,26438.6,26776.3
2023-06-19 16:00:00,26521.4,26863.525
2023-06-19 17:00:00,26520.7,26867.78
2023-06-19 18:00:00,26413.6,26770.559999999998
2023-06-19 19:00:00,26431.1,26798.584999999995
2023-06-19 20:00:00,26489.7,26855.790000000005
2023-06-19 21:00:00,26655.0,27008.5
2023-06-19 22:00:00,26483.8,26832.625
2023-06-19 23:00:00,26672.8,27004.47
2023-06-20 00:00:00,26711.5,27025.4
2023-06-20 01:00:00,26758.5,27055.925
2023-06-20 02:00:00,26743.5,27025.55
2023-06-20 03:00:00,26828.5,27088.8
2023-06-20 04:00:00,26971.4,27204.035
2023-06-20 05:00:00,26892.7,27103.19
2023-06-20 06:00:00,26899.9,27086.300000000003
2023-06-20 07:00:00,26880.7,27043.83
2023-06-20 08:00:00,26951.3,27087.170000000002
2023-06-20 09:00:00,26805.5,26920.405
2023-06-20 10:00:00,26771.7,26866.305
2023-06-20 11:00:00,26820.4,26895.914999999997
2023-06-20 12:00:00,26743.7,26808.100000000002
2023-06-20 13:00:00,26766.1,26818.23
2023-06-20 14:00:00,26761.1,26795.855
2023-06-20 15:00:00,26786.7,26803.675000000003
